Speed,wind_power
3.8,3996.69999
3.7,3923.9
3.1,3952.5
3.3,3913.8
3.5,3884.4
3.0,3898.4
3.4,3785.4
3.5,3711.09999
3.6,3483.9
3.7,3191.59999
3.7,2785.69999
3.3,2468.59999
3.8,2644.19999
4.7,2561.3
4.9,2668.4
4.7,2832.5
4.7,2961.0
5.1,3061.9
4.9,3340.09999
3.3,3470.69999
1.7,3551.4
1.8,3633.8
2.8,3708.4
2.5,3669.8
2.0,3528.09999
2.1,3264.5
2.9,3248.8
4.4,3237.09999
4.3,3076.59999
4.2,2737.0
4.5,2280.0
3.8,1770.7
4.8,1328.0
6.2,1039.59999
6.0,894.6
5.8,895.89999
6.7,784.39999
7.5,1155.4
7.6,1423.5
8.9,1743.09999
7.7,2252.09999
7.4,2651.69999
7.8,2957.5
7.3,3025.59999
6.8,3127.09999
5.8,3186.8
4.9,3236.09999
2.5,3247.59999
4.1,3213.4
4.2,3235.59999
4.1,3180.69999
3.9,3108.3
4.4,3003.5
3.7,2842.0
3.5,2587.8
4.0,2305.0
3.9,2036.59999
3.3,1726.9
3.1,1393.09999
3.2,1202.3
3.1,1048.5
3.8,960.89999
4.3,862.2
5.5,789.1
6.3,739.39999
7.2,660.7
6.8,576.89999
4.7,606.0
4.7,627.0
4.4,678.5
4.3,812.1
3.8,814.0
2.5,755.6
1.6,648.79999
1.8,673.7
4.3,610.1
5.4,526.6
5.7,460.1
5.2,419.89999
4.1,353.3
3.6,333.89999
3.2,332.5
3.4,274.1
3.2,186.4
3.4,172.59999
3.3,155.9
3.6,144.4
3.7,144.0
3.3,169.09999
4.1,191.5
3.5,215.3
4.2,227.5
4.0,211.09999
4.0,204.59999
3.7,224.8
3.3,248.69999
2.8,265.5
2.6,338.89999
2.7,386.89999
2.6,466.19999
2.4,539.6
3.0,546.5
3.0,573.2
2.8,623.7
1.2,689.6
1.1,682.89999
1.1,590.6
1.3,513.39999
2.3,617.2
2.1,641.79999
2.4,618.39999
3.0,709.5
2.9,843.29999
2.8,907.2
3.0,890.29999
2.4,778.79999
1.9,622.89999
1.6,572.5
1.6,588.7
1.4,582.79999
3.2,560.29999
2.5,634.6
2.0,610.6
1.5,560.39999
1.8,521.89999
1.2,509.19999
1.2,520.89999
1.6,510.89999
1.0,608.39999
0.9,644.79999
0.6,587.89999
1.2,499.39999
2.0,655.89999
1.9,722.39999
2.2,769.7
2.7,981.39999
2.2,1213.2
1.8,1445.09999
1.1,1649.4
1.3,1868.4
2.1,2024.9
1.5,1977.8
1.3,1929.09999
0.5,1915.2
0.4,1910.09999
0.5,1961.3
0.3,1885.2
0.3,1764.09999
0.4,1557.0
0.5,1415.0
0.5,1132.09999
0.8,932.1
0.5,685.89999
0.5,535.39999
0.6,422.1
0.4,340.69999
1.5,365.8
2.3,410.1
2.8,513.7
3.2,725.79999
3.4,1001.9
3.4,1206.2
3.6,1466.7
3.2,1783.59999
2.4,2081.09999
2.9,2355.09999
3.8,2586.9
3.9,2706.4
3.8,2786.69999
4.3,2887.19999
4.4,2928.59999
4.5,3013.59999
5.4,3175.4
6.9,3321.19999
6.7,3440.3
6.7,3422.0
7.1,3228.4
7.2,2953.5
7.1,2630.5
7.5,2226.0
7.0,1984.09999
7.2,1778.4
7.4,1494.9
7.6,1349.8
7.2,1539.7
6.5,1723.59999
6.6,1806.0
5.9,1878.0
5.3,1980.09999
4.8,2156.0
4.6,2212.5
4.7,2211.09999
4.5,2136.0
3.6,2200.9
3.4,2178.0
3.0,2047.2
3.0,2041.5
2.8,2213.0
2.3,2092.69999
2.6,1880.3
2.2,1460.2
2.0,1170.0
1.3,904.29999
1.2,697.2
1.6,931.5
1.6,995.1
2.1,1110.7
2.4,1312.0
2.4,1784.4
2.2,2220.9
3.3,2739.5
3.2,3106.5
2.8,3294.5
1.8,3410.09999
0.7,3458.5
1.4,3433.8
1.6,3361.69999
0.6,3399.69999
1.0,3346.19999
1.8,3314.9
2.9,3298.3
3.6,3353.09999
3.5,3406.0
3.0,3503.9
2.4,3591.69999
3.1,3551.4
3.1,3490.59999
2.1,3490.59999
2.9,3541.4
3.3,3646.59999
4.0,3754.8
4.4,3861.8
4.8,3876.4
4.3,3676.4
3.2,3309.19999
1.1,2891.69999
2.9,2479.8
3.3,1978.5
3.1,1567.9
3.4,1335.5
3.3,1254.7
3.2,1336.59999
3.4,1248.2
3.4,1192.09999
3.0,1251.7
2.5,1496.9
2.2,1747.8
2.3,1833.59999
2.7,1990.2
1.6,2210.9
1.2,2385.3
1.5,2338.0
2.7,2541.19999
3.6,2801.09999
3.6,3123.3
3.6,3531.5
3.9,3891.59999
3.2,4160.1
3.7,4361.1
4.1,4422.89999
3.4,4544.5
2.3,4598.3
2.9,4634.8
1.8,4676.0
1.8,4631.1
3.2,4629.8
2.3,4613.6
1.6,4609.8
1.5,4627.0
2.2,4599.0
2.1,4549.6
2.4,4508.8
2.1,4449.6
1.5,4421.3
0.9,4479.6
1.8,4483.69999
2.9,4464.0
3.5,4452.0
4.1,4434.3
5.0,4365.39999
5.7,4320.19999
5.6,4338.5
5.8,4331.39999
4.9,4348.39999
4.5,4388.89999
4.7,4355.89999
3.5,4244.8
3.4,4051.9
3.6,3787.69999
3.1,3318.3
3.0,2880.69999
3.6,2695.69999
4.2,2671.09999
4.2,2583.3
4.3,2142.59999
3.5,1954.4
4.0,2237.69999
2.4,2751.59999
1.7,3339.09999
1.8,3660.5
2.5,3422.0
3.1,3879.8
4.3,4093.4
4.7,4231.3
5.5,4168.39999
5.6,4023.9
5.1,3932.5
6.1,3837.69999
6.3,3681.9
6.2,3490.9
7.6,3266.9
7.1,3024.19999
7.1,2666.69999
7.4,2305.8
8.0,1976.9
8.0,1631.09999
7.3,1420.4
6.1,1563.0
5.8,1696.5
4.4,1850.9
4.2,2010.7
4.4,2173.4
4.8,2120.09999
5.8,2113.0
6.0,2121.0
6.5,2142.69999
6.9,2136.59999
7.6,2140.19999
7.9,2477.09999
6.5,2781.0
5.6,2799.4
4.6,2807.9
3.8,2931.69999
2.1,2970.3
1.6,2862.0
0.7,2546.4
0.7,2217.8
1.2,2131.8
1.3,2077.09999
1.3,2101.0
2.3,2371.8
2.3,2817.19999
1.6,3061.4
2.8,3208.09999
3.7,3489.09999
3.4,3771.9
2.7,3899.19999
3.2,4180.89999
4.2,4302.3
4.8,4343.69999
5.7,4361.0
7.1,4353.19999
8.0,4420.6
8.3,4556.1
7.7,4610.5
6.3,4631.1
6.0,4595.3
6.7,4573.5
5.6,4602.1
4.3,4608.69999
3.4,4580.89999
3.6,4602.1
3.4,4601.69999
2.9,4608.5
3.2,4609.19999
3.6,4596.6
2.7,4579.3
1.2,4576.3
1.2,4575.19999
1.4,4564.19999
1.3,4554.1
1.5,4559.0
1.7,4547.5
2.5,4496.69999
2.1,4489.69999
1.1,4454.89999
1.9,4457.8
2.9,4456.0
3.2,4444.19999
3.1,4392.6
2.9,4325.5
1.3,4221.69999
0.9,4092.3
1.3,3845.19999
1.5,3463.8
0.8,2699.8
0.6,2263.3
1.9,1738.8
2.1,1306.4
2.0,905.89999
0.9,660.1
0.9,760.39999
0.7,1253.0
1.0,1425.09999
0.6,1566.8
0.8,1964.2
1.5,1308.4
2.7,1360.09999
3.1,1115.8
4.0,1071.7
4.7,1196.09999
5.3,1224.7
4.6,1170.9
4.2,1114.3
3.5,1183.5
3.4,1292.09999
3.8,1282.4
4.6,1148.5
4.8,1044.4
4.6,921.29999
5.0,877.1
4.4,773.1
4.7,673.2
4.4,685.7
5.5,757.5
6.0,842.39999
5.9,880.2
6.3,942.2
6.5,896.89999
7.9,824.5
8.4,831.6
7.2,788.0
8.0,839.5
8.1,1107.3
8.0,1390.59999
7.8,1625.8
6.0,1758.09999
6.2,1930.2
5.9,2129.8
5.3,2469.9
6.1,2651.19999
6.0,2726.0
5.3,2703.69999
4.3,2730.3
3.6,2795.59999
3.7,2853.69999
3.1,2932.69999
2.6,3051.8
2.1,3184.5
1.2,3280.0
0.8,3380.8
1.6,3423.09999
1.3,3440.4
0.9,3391.0
1.3,3348.3
1.3,3410.19999
1.0,3516.09999
1.2,3534.5
1.4,3453.5
1.6,3305.19999
2.0,3216.09999
1.6,3079.59999
2.5,2762.09999
1.3,2582.4
1.7,2461.8
2.3,2388.0
3.1,2311.09999
2.6,2229.9
3.3,2033.0
3.0,1854.59999
3.7,1749.2
4.2,1699.09999
4.2,1767.5
4.4,1787.0
4.1,1877.0
3.9,1902.5
3.1,1661.0
2.2,1370.09999
2.4,1497.0
2.2,1502.09999
2.5,1533.5
1.5,1614.59999
1.4,1792.4
1.0,1963.0
0.5,2031.59999
1.0,2126.3
1.8,2094.3
2.2,2132.69999
1.6,2106.3
2.1,2300.19999
1.7,2315.59999
1.3,2468.8
2.1,2617.59999
1.0,2686.8
1.1,2644.4
0.9,2628.69999
0.9,2470.19999
2.0,2317.19999
2.1,2152.3
2.3,1911.9
2.5,1704.5
2.3,1565.09999
2.6,1278.2
4.0,1171.4
5.3,1032.7
5.1,893.1
5.4,903.0
4.3,996.79999
5.0,1040.09999
5.3,1119.5
4.7,1196.4
3.6,1297.09999
4.2,1338.9
4.9,1300.2
3.9,1268.9
3.8,1140.2
2.6,1126.2
3.2,1108.59999
4.0,1031.3
2.5,929.39999
2.6,818.79999
3.0,784.1
3.2,749.2
3.2,648.29999
3.0,593.89999
3.5,596.6
3.6,650.2
3.8,591.0
3.8,525.0
4.2,487.19999
4.6,549.79999
5.2,600.0
4.5,599.2
3.8,591.79999
4.3,547.89999
4.6,579.39999
4.6,597.2
5.1,661.89999
5.3,704.5
5.3,734.2
5.1,814.0
5.3,892.1
5.7,941.79999
5.8,1065.4
5.7,1273.4
7.0,1387.09999
8.2,1365.09999
7.8,1262.9
7.1,1190.4
7.3,1191.9
8.0,1236.8
8.4,1205.09999
8.9,1256.3
8.4,1379.09999
8.4,1590.7
7.7,1848.09999
6.7,1933.4
5.4,1881.7
4.4,1761.59999
3.8,1657.9
2.6,1536.8
1.2,1283.2
0.7,1175.3
0.8,1135.0
0.5,1003.0
0.9,911.7
0.9,915.29999
1.2,926.89999
1.0,884.89999
2.6,809.89999
2.4,684.29999
2.3,568.7
2.6,429.69999
3.3,351.19999
2.7,356.89999
4.1,256.5
4.4,183.19999
4.4,182.19999
4.5,253.8
4.0,329.39999
4.0,341.1
4.2,335.1
3.2,325.69999
2.2,357.19999
2.4,318.0
2.4,322.69999
2.7,288.89999
3.0,193.8
3.0,158.8
3.7,129.5
3.0,137.09999
3.5,142.69999
3.1,130.59999
2.7,120.0
3.7,126.9
4.5,150.5
5.9,181.59999
5.5,139.4
4.7,109.8
4.4,124.59999
4.3,136.69999
4.1,184.8
3.5,324.1
3.2,562.39999
2.9,873.2
2.1,1194.2
1.9,1656.09999
1.7,2160.9
1.2,2687.09999
1.0,3031.19999
1.6,3171.9
2.8,3305.59999
2.9,3470.0
3.5,3555.09999
3.1,3550.4
3.2,3664.19999
3.9,3771.3
4.2,3848.69999
3.9,3863.5
4.7,3805.4
4.7,3726.69999
5.2,3377.3
5.2,2767.69999
5.0,2245.3
5.5,1793.7
5.2,1629.8
5.4,1707.5
4.8,1833.7
5.0,1826.59999
5.2,1927.59999
4.8,1942.09999
4.7,1913.9
4.4,1923.8
4.7,1894.5
5.0,1772.4
5.2,2018.09999
4.2,1882.8
4.9,1819.7
4.7,1877.0
5.1,1810.0
4.9,1682.09999
4.8,1596.09999
5.5,1448.2
6.0,1156.8
5.9,820.0
5.9,569.39999
6.3,647.2
6.6,473.3
6.5,359.69999
6.0,365.19999
6.4,436.0
6.5,551.39999
6.1,573.0
7.1,583.7
6.7,684.29999
7.1,873.39999
6.9,1046.5
7.7,1229.8
7.4,1382.2
7.3,1324.5
7.0,1438.8
6.7,1540.9
6.2,1656.2
5.5,1843.9
5.7,1892.2
5.7,1937.8
5.5,1595.5
5.3,1237.3
5.0,969.39999
5.2,784.7
4.5,643.39999
5.3,544.6
5.2,517.0
4.3,563.1
3.3,723.39999
3.4,841.39999
3.3,857.7
3.4,780.39999
2.8,734.79999
2.2,800.39999
1.7,871.5
1.7,889.0
1.6,878.1
1.0,798.7
1.0,793.7
1.5,801.1
1.7,831.79999
2.4,839.79999
3.0,859.2
2.1,821.1
2.7,681.0
3.2,500.19999
3.5,447.6
3.1,402.5
4.0,414.5
4.1,328.39999
3.7,263.3
4.1,267.69999
4.2,326.5
3.7,394.1
4.2,400.6
3.3,389.6
2.5,427.8
2.6,590.6
2.1,740.6
1.7,921.79999
1.7,1061.4
1.2,1175.9
0.6,1380.7
0.8,1496.9
0.7,1508.7
0.5,1503.59999
0.4,1432.3
0.6,1448.3
0.6,1534.9
0.8,1683.9
0.9,1795.3
1.8,1934.2
2.5,2760.8
2.7,3016.69999
2.9,3202.9
2.7,3451.9
2.3,3768.19999
2.8,3977.19999
2.5,4192.0
2.0,4367.3
1.9,4499.6
1.7,4541.0
2.1,4552.39999
1.9,4572.6
0.3,4467.3
0.5,4454.39999
0.6,4401.89999
0.5,4284.69999
0.6,4123.89999
0.7,3916.0
0.7,3777.69999
0.5,3807.3
0.4,3790.4
0.2,3591.09999
0.3,3503.0
1.4,3534.8
2.0,3436.19999
2.2,3319.0
2.2,3296.9
1.3,3204.19999
1.4,3306.09999
1.8,3458.0
1.4,3596.59999
2.1,3637.0
1.4,3677.3
0.3,3706.69999
0.6,3719.3
0.4,3672.9
0.3,3541.4
0.3,3356.4
0.5,3109.5
0.4,2790.59999
0.6,2469.5
0.9,2364.19999
0.5,2261.9
1.0,2203.3
0.2,2071.0
1.0,2048.9
2.0,2001.4
3.2,1710.59999
3.7,1498.3
3.8,1246.59999
4.6,1127.0
4.9,1148.2
5.1,1178.3
4.7,1243.7
4.5,1250.0
4.6,1480.9
4.5,1834.8
3.3,2196.0
1.8,2790.0
1.5,3526.09999
1.4,4077.69999
1.8,4343.0
1.4,4513.69999
1.6,4546.8
1.1,4537.6
1.2,4461.8
0.6,4434.8
0.4,4367.89999
1.1,4196.8
1.6,4093.0
2.4,3948.4
3.0,3697.8
3.9,3541.59999
5.1,3422.0
4.9,3256.4
5.1,3280.5
5.1,3176.0
5.1,3147.69999
5.3,3257.3
5.1,3222.69999
4.8,3352.3
4.0,3406.69999
3.4,3315.19999
3.1,3322.9
1.7,3173.19999
1.9,3328.5
2.4,3312.8
2.1,3249.9
2.3,3161.0
2.2,3101.8
2.4,3040.8
1.6,2776.59999
1.6,2405.19999
1.5,2043.2
2.3,1212.3
2.3,838.79999
2.5,1091.7
3.1,755.2
3.9,898.7
4.3,954.2
4.2,1134.0
4.3,1184.2
4.2,1277.5
3.9,1448.09999
3.5,1575.5
2.4,1491.5
1.3,1540.2
0.2,1700.8
0.4,1701.4
0.4,1691.3
0.3,1657.8
0.4,1814.09999
0.3,1969.4
0.4,2129.4
0.4,1984.09999
0.3,1919.3
0.2,1706.0
0.4,1537.3
0.6,1490.09999
1.6,1404.8
2.3,1209.5
2.8,926.79999
3.5,700.89999
3.6,676.79999
3.7,695.89999
3.8,699.0
4.2,707.1
4.0,669.5
3.2,549.1
2.1,474.6
1.4,427.69999
0.7,424.69999
0.9,428.89999
0.9,454.89999
1.1,450.8
1.3,496.39999
1.6,553.6
1.4,564.6
2.1,559.29999
1.9,556.6
2.0,492.39999
1.9,384.3
2.3,368.3
3.1,338.19999
3.7,342.69999
5.5,305.8
5.3,296.8
5.3,288.39999
5.0,315.8
4.6,413.39999
4.7,491.6
4.7,545.39999
3.8,529.2
3.0,538.29999
2.4,503.5
1.5,456.0
2.5,411.3
2.7,393.3
1.8,330.0
1.8,314.5
1.8,299.19999
2.0,293.69999
1.5,287.1
1.7,270.89999
1.5,234.4
1.6,182.09999
2.3,182.19999
3.3,217.19999
3.0,207.69999
4.1,132.3
4.7,118.09999
4.7,121.5
4.6,130.5
4.8,181.4
4.6,224.3
5.4,261.19999
5.2,256.39999
3.9,210.59999
2.2,186.8
1.6,155.3
1.7,130.69999
3.0,137.19999
3.7,125.4
3.5,142.0
3.4,207.59999
3.5,306.1
3.7,446.0
2.9,570.89999
1.3,636.89999
1.4,684.0
2.3,620.89999
2.8,434.5
2.2,456.6
1.7,277.0
2.6,242.4
3.2,318.6
3.1,447.0
3.0,839.89999
2.3,1151.4
2.1,1354.09999
1.6,1473.09999
1.1,1595.7
1.5,1736.9
1.1,1912.2
1.6,1892.7
1.7,1936.5
2.1,1961.3
1.6,1951.8
1.5,1988.4
1.7,2047.4
1.5,2094.19999
1.4,2161.3
0.7,2263.4
1.4,2284.5
1.8,1769.3
2.0,1371.9
2.5,1296.2
3.4,1273.09999
2.6,1361.3
1.5,1506.0
1.4,1859.9
1.9,2065.5
2.4,2176.09999
2.4,2081.69999
2.0,2142.9
1.9,2202.5
1.6,2137.9
1.0,1975.2
0.3,1821.2
0.5,1611.0
0.4,1416.4
0.6,1215.3
0.6,1075.5
0.9,1003.6
0.6,1021.2
0.5,1100.9
0.6,1246.9
1.0,1198.09999
1.5,1154.5
1.4,1273.0
1.4,1560.09999
2.1,1605.09999
2.6,1639.09999
3.8,1993.0
3.1,2477.9
3.0,2851.0
3.2,3052.9
2.9,3117.19999
2.9,3179.9
1.9,3333.5
0.8,3512.5
0.5,3613.09999
0.5,3676.5
0.7,3728.9
0.6,3622.59999
0.6,3515.69999
0.7,3344.69999
0.6,3211.59999
0.7,3083.8
0.9,2933.5
0.9,2810.8
0.3,2681.3
0.5,2266.09999
1.2,2289.4
1.7,2291.09999
1.8,2105.59999
2.6,2190.69999
2.0,2415.9
2.3,2572.19999
2.3,2724.0
1.9,2789.59999
2.2,2801.5
2.3,2829.4
1.9,2895.3
0.5,2821.8
0.7,2882.69999
0.6,2864.8
0.6,2550.19999
0.4,2399.5
0.5,2321.19999
0.5,2209.8
0.4,2181.09999
0.5,2315.3
0.8,2379.19999
0.9,2289.69999
1.7,2133.69999
1.1,1840.0
3.5,1524.0
4.6,1260.2
4.3,1044.9
4.3,853.6
4.1,752.89999
4.7,811.29999
3.9,936.5
4.1,1073.8
4.5,1050.2
4.1,886.29999
3.0,794.7
2.8,750.29999
3.1,676.5
3.2,574.5
2.7,521.1
1.4,492.6
1.0,491.89999
0.9,589.1
0.8,746.2
0.9,964.79999
0.9,1191.59999
1.3,1272.09999
1.5,993.89999
1.5,878.29999
1.6,919.79999
2.3,856.2
3.1,784.0
3.4,825.29999
3.2,988.2
3.1,1291.7
2.8,1486.5
3.1,1667.4
3.4,1699.7
2.1,1648.5
2.0,1727.5
2.1,1860.4
4.3,1909.8
2.2,1974.0
3.1,1941.09999
3.3,1956.2
3.5,2002.9
2.9,1892.2
3.4,1731.0
4.6,1843.4
5.0,1636.7
5.0,1664.5
6.0,2255.59999
6.4,1825.7
6.1,1421.2
7.2,1695.0
8.1,1652.09999
7.8,1909.0
8.4,2314.3
8.1,2941.4
8.2,3490.9
8.3,3953.5
8.2,4211.69999
7.7,4293.19999
6.5,4405.39999
6.3,4496.69999
6.1,4436.19999
5.4,4353.0
5.2,4209.39999
5.3,4043.19999
5.3,3877.3
5.1,3696.59999
5.6,3399.9
5.6,3036.5
5.8,2517.5
5.1,2049.0
5.9,1608.9
6.6,1414.5
7.1,1337.5
7.2,1061.9
7.1,967.5
6.6,921.79999
7.2,870.0
7.3,836.5
7.8,865.5
7.3,774.2
6.9,678.29999
6.8,549.1
5.5,494.6
4.6,404.39999
4.1,315.1
4.7,308.5
4.2,378.8
3.2,524.1
2.7,624.5
3.2,649.1
3.2,664.89999
3.5,655.6
3.5,718.29999
3.8,802.1
3.9,746.6
4.3,672.7
4.2,768.1
4.5,854.7
4.7,953.5
5.3,1102.3
4.7,1211.8
4.2,1245.2
4.2,1334.9
4.1,1792.5
4.0,2112.4
4.3,2193.19999
3.7,2248.4
2.4,2159.5
2.0,2068.3
2.1,2016.9
2.3,2060.4
2.6,2140.59999
0.9,2152.8
0.9,2232.8
0.8,2310.59999
0.7,2262.09999
0.5,2088.0
0.6,1854.5
1.3,1301.5
1.5,910.0
2.3,738.89999
3.9,607.7
3.5,477.8
2.9,417.0
2.8,432.0
2.4,474.19999
3.0,562.29999
2.4,592.89999
2.9,509.3
2.4,385.1
2.2,305.3
1.3,317.1
0.3,362.8
0.4,386.6
0.4,225.9
0.5,210.19999
0.7,249.59999
0.5,298.69999
0.4,370.19999
0.4,475.6
0.3,639.29999
0.3,806.39999
0.4,934.5
1.3,890.39999
2.2,685.29999
3.1,674.29999
3.6,728.5
3.5,708.29999
3.0,890.29999
2.8,1497.0
3.4,2278.8
3.7,2949.69999
3.9,3343.19999
3.2,3695.3
2.8,3928.9
1.8,4067.4
0.7,4250.39999
0.5,4334.89999
0.6,4405.0
1.3,4410.6
1.1,4474.6
1.5,4533.6
1.5,4553.1
1.7,4586.69999
1.3,4572.89999
1.5,4524.69999
1.7,4420.0
2.9,4297.19999
3.6,4335.19999
4.2,4359.0
5.4,4354.89999
5.4,4308.8
5.3,4217.89999
5.7,4073.9
5.4,3867.3
5.5,3638.0
5.1,3329.59999
5.0,3095.9
4.6,2854.59999
3.8,2601.4
0.9,2380.9
0.5,2074.3
0.8,1752.5
1.2,1547.7
0.8,1374.2
0.8,1117.0
0.9,906.39999
0.4,747.2
0.6,560.89999
0.9,342.39999
1.3,258.0
1.8,175.0
1.6,107.4
2.6,77.5
3.4,64.7
3.2,67.09999
3.9,90.9
3.4,137.8
3.2,272.8
3.3,624.1
2.8,1365.3
2.7,1975.5
2.4,2549.5
1.1,3088.09999
0.5,3434.9
0.6,3485.5
0.9,3604.3
0.9,3715.4
0.7,3672.0
0.8,3524.3
1.1,3231.5
1.0,2870.69999
1.1,2505.4
1.0,2219.3
2.0,1753.3
3.1,1436.5
3.7,1173.09999
4.7,1047.09999
4.9,935.79999
4.8,831.39999
4.7,786.7
5.1,766.7
4.9,879.5
4.7,942.1
5.1,982.29999
4.3,886.1
3.8,751.39999
3.7,691.79999
3.1,630.6
2.0,650.6
1.7,969.1
0.7,1338.2
0.4,1767.5
0.5,2014.9
0.7,2131.19999
0.4,2232.9
0.4,2235.19999
0.9,2437.0
1.5,1945.4
1.5,1565.09999
1.9,1532.2
3.6,1582.5
4.2,1827.0
4.2,1975.3
4.5,2288.5
4.1,2695.19999
3.3,2876.8
3.2,2973.9
3.2,2887.09999
2.9,2624.69999
2.8,2355.0
1.2,2163.5
0.5,1888.8
1.2,1567.4
0.5,1293.8
0.6,1068.9
0.7,893.0
0.7,785.1
0.6,806.29999
0.6,727.89999
0.7,698.89999
0.9,723.29999
1.5,624.7
3.7,552.2
4.8,579.39999
4.4,721.5
5.5,833.7
5.6,975.6
5.5,1161.4
5.6,1382.2
5.5,1626.0
5.1,1897.7
4.7,1998.7
5.2,2011.3
4.3,1943.9
3.5,1942.4
3.0,2043.5
1.9,2215.8
0.8,2273.3
0.5,2430.8
1.2,2666.4
1.7,3037.19999
2.7,3411.3
2.7,3678.69999
2.6,3703.19999
3.1,3713.19999
3.6,3532.09999
4.7,3156.3
4.8,2677.0
4.9,2225.5
5.0,1926.4
5.1,1628.0
4.5,1348.5
3.8,1117.5
3.4,979.7
6.2,1013.4
4.9,993.29999
3.3,696.6
3.8,553.2
4.1,436.39999
3.7,419.39999
3.5,436.69999
3.6,470.0
3.8,529.1
3.4,681.29999
3.8,849.5
3.1,1155.5
4.5,1312.09999
5.4,1535.2
7.2,1688.3
8.6,1441.2
7.8,1265.2
5.4,1165.09999
5.0,788.39999
5.8,716.7
5.8,633.39999
4.6,561.29999
4.5,477.89999
4.5,486.89999
4.3,545.0
4.0,627.2
3.1,697.6
2.7,827.1
2.1,1079.3
1.3,1318.3
1.2,1531.59999
1.0,1721.8
1.7,2011.9
2.9,2287.8
3.4,2461.4
4.1,2513.8
4.2,2636.0
3.3,2573.5
3.5,2208.59999
4.1,1960.3
3.4,1751.09999
3.8,1514.7
4.0,1257.9
3.4,1198.0
3.7,1212.5
3.7,1286.2
3.6,1258.2
4.2,1374.09999
6.6,1584.8
6.0,1757.7
4.9,1594.5
3.8,1379.3
2.8,1335.7
2.4,1365.7
1.3,1429.3
0.6,1540.2
0.9,1515.59999
0.6,1565.0
0.8,1581.3
1.4,1556.5
2.4,1483.59999
2.0,1422.59999
1.7,1135.3
2.6,715.5
3.8,581.1
3.8,597.5
4.0,755.2
3.6,861.79999
3.5,967.29999
3.6,1060.8
4.5,1297.3
5.0,1714.5
4.4,2265.19999
4.4,2711.4
4.2,2781.09999
4.8,2709.9
3.3,2865.59999
2.0,3087.4
2.6,3320.0
2.9,3354.19999
3.2,3321.0
1.7,3347.5
2.1,3344.0
2.9,3344.4
1.2,3353.3
1.0,3243.9
1.2,3063.69999
1.9,2344.59999
2.2,2113.8
2.6,2214.8
2.3,2299.19999
2.5,2412.5
3.4,2719.0
4.0,2939.8
4.6,3262.3
3.5,3548.09999
3.5,3829.9
4.4,3921.5
4.3,3754.69999
3.7,3603.4
3.5,3644.19999
1.4,3830.3
1.6,3836.3
2.1,3812.09999
2.1,3799.19999
0.8,3672.8
0.5,3575.8
0.7,3460.5
1.8,3272.8
2.5,3293.9
2.5,2961.8
2.0,2573.0
2.1,2280.9
2.2,2041.0
2.2,2002.59999
1.6,2018.4
1.1,2146.8
2.4,2357.5
2.8,2354.8
3.9,2329.3
2.4,2386.3
2.2,2275.19999
2.2,2129.09999
2.9,2072.4
4.7,1972.2
1.6,1926.59999
1.9,1831.2
1.3,1527.4
1.5,1470.7
2.2,1375.4
2.5,1293.3
2.9,1150.59999
3.2,950.2
4.1,792.79999
4.5,647.29999
4.1,597.89999
3.7,595.89999
4.3,578.0
4.3,497.39999
4.4,560.39999
5.5,608.6
5.7,676.79999
4.7,764.29999
5.9,822.7
4.7,749.5
3.8,749.79999
4.1,765.7
6.3,807.79999
3.8,905.2
1.1,1024.7
4.8,1128.59999
3.3,1136.2
2.7,1148.3
3.7,1061.7
3.4,981.29999
3.7,896.2
3.6,795.2
2.5,731.0
2.2,675.79999
2.9,764.2
2.7,952.89999
3.3,1135.4
4.1,1156.0
3.2,1437.4
5.2,1806.7
5.3,1947.4
5.0,1986.09999
4.6,2226.8
4.3,2503.09999
4.0,2841.8
3.6,3009.09999
2.6,2925.0
2.1,3059.69999
2.3,3274.8
3.7,3449.0
3.4,3585.9
3.4,3539.4
3.7,3516.8
2.2,3467.0
2.3,3425.3
2.7,3247.3
3.7,3216.9
4.1,2693.69999
5.4,2050.0
5.7,1665.5
5.6,1437.9
6.0,1454.2
5.6,1456.3
5.8,1425.09999
6.0,1389.5
5.3,1412.09999
3.1,1356.09999
3.6,1460.5
2.9,1508.5
1.2,1392.5
2.5,1410.3
4.4,1656.4
3.3,1960.8
2.6,2188.8
2.7,2415.0
3.3,2465.9
3.5,2620.59999
3.5,3029.69999
3.0,3006.59999
2.5,2822.69999
2.2,2807.4
1.8,2086.3
1.6,1519.8
1.3,1145.09999
1.5,872.2
2.6,889.79999
2.7,944.39999
3.8,1126.2
4.6,1303.2
4.5,1394.7
4.9,1517.3
6.6,1729.59999
6.2,1831.5
5.1,1857.4
4.1,2080.69999
5.4,2440.09999
5.1,2597.4
4.8,2848.8
4.3,3017.9
3.2,3130.19999
3.5,3363.8
3.2,3470.59999
3.2,3465.8
3.1,3243.4
2.7,2935.69999
3.1,2297.8
3.0,1849.59999
3.5,1517.0
4.5,1338.8
5.3,1489.09999
6.3,1612.9
5.6,1766.0
5.0,1747.2
3.7,1768.4
4.6,1838.2
4.1,2076.9
4.9,2279.0
3.7,2123.0
4.1,1775.7
3.7,1514.59999
2.5,1480.9
1.7,1407.2
2.0,1400.4
2.8,1265.8
2.0,1127.9
2.0,956.1
2.6,791.89999
2.7,635.39999
3.9,515.7
4.4,348.69999
5.3,216.19999
6.3,177.69999
5.2,182.09999
4.5,188.69999
5.3,238.69999
5.2,304.0
4.7,329.0
4.2,372.89999
4.4,449.1
4.7,525.89999
4.7,538.6
4.3,512.89999
3.1,500.1
2.0,537.79999
2.1,517.1
2.2,518.39999
2.3,483.0
2.8,505.89999
3.0,502.6
2.8,504.5
2.3,503.8
2.5,498.5
2.7,483.5
3.3,378.19999
4.2,231.8
4.0,180.0
4.8,163.09999
3.9,144.3
4.1,133.69999
3.4,142.0
3.4,168.4
3.4,196.9
3.3,241.0
3.3,293.19999
2.9,386.1
2.2,396.6
1.5,361.1
0.8,354.3
0.4,367.6
0.3,374.6
0.4,433.0
0.4,495.6
0.5,511.69999
0.5,472.69999
0.3,487.1
0.4,504.39999
0.6,524.79999
0.7,564.79999
1.3,374.69999
1.8,275.5
1.8,236.69999
2.0,235.9
2.3,304.69999
1.8,336.8
2.1,370.19999
2.3,443.5
2.3,602.89999
2.4,877.0
2.1,1338.4
2.9,1704.2
2.8,1840.59999
2.1,1822.59999
2.0,1846.09999
1.0,1916.7
0.5,1869.9
0.4,1645.4
0.6,1433.8
0.7,1358.0
0.7,1315.0
1.1,1258.09999
2.9,1469.0
3.4,1177.5
3.7,508.5
4.1,327.19999
3.8,325.0
4.0,293.1
4.4,401.5
4.9,543.79999
4.0,584.89999
4.2,649.89999
4.3,914.79999
4.4,1502.5
4.3,2266.5
3.5,2696.19999
3.2,2916.5
2.1,3121.69999
1.7,3348.4
2.3,3501.59999
1.9,3357.5
1.7,3185.5
1.6,2962.19999
0.9,2780.59999
1.0,2650.9
2.2,2513.5
3.0,2339.9
3.5,1627.3
3.2,1159.9
3.4,767.79999
3.8,546.1
4.5,667.89999
4.4,766.7
4.0,985.6
4.5,1100.59999
4.3,1254.7
4.4,1497.8
5.6,1526.9
5.4,1608.0
4.4,1667.09999
4.4,1577.4
3.7,1356.9
2.8,1108.5
2.9,946.0
2.9,1011.8
2.8,871.79999
3.0,729.1
3.5,778.29999
3.6,795.5
3.3,808.29999
4.0,920.39999
4.6,592.1
5.0,299.89999
5.5,280.5
5.1,276.8
6.4,242.09999
6.0,248.9
6.3,254.59999
6.0,252.4
5.9,249.59999
6.4,280.19999
5.6,355.1
5.3,399.6
4.8,408.6
5.0,339.8
4.3,377.8
3.0,360.39999
3.0,444.19999
2.6,532.89999
2.5,591.6
3.0,665.29999
3.3,699.29999
2.8,771.39999
3.3,776.1
3.2,920.39999
4.3,684.6
5.5,477.0
5.4,317.3
5.7,205.09999
6.1,159.8
6.0,217.9
5.4,298.39999
6.0,333.1
5.7,392.5
6.1,539.89999
6.0,863.0
5.5,1218.8
1.9,1408.9
1.8,1390.8
2.1,1475.9
2.0,1610.3
1.9,1762.9
2.4,1812.8
2.9,1674.7
3.9,1503.8
5.4,1297.8
5.3,1162.5
6.1,1030.09999
6.1,1113.09999
6.0,587.2
6.2,201.5
6.3,121.5
6.0,78.0
5.7,98.7
5.5,106.7
5.0,171.9
4.8,228.8
4.0,232.59999
2.5,276.1
2.7,386.1
2.3,497.6
2.0,481.0
2.6,383.3
0.7,451.89999
0.6,564.5
0.7,572.7
1.0,522.1
2.7,448.39999
5.0,549.2
6.6,607.39999
6.5,626.89999
6.6,583.2
6.2,626.0
5.6,698.5
4.7,409.3
4.2,203.9
3.8,126.2
4.1,129.69999
4.1,156.0
3.9,203.8
3.6,283.39999
2.8,371.6
1.6,559.0
1.2,887.0
1.6,1171.4
1.3,1279.0
0.7,1217.09999
0.5,1157.3
0.9,1172.0
0.4,1139.4
0.5,1155.7
1.1,1081.4
1.0,931.0
0.7,870.79999
1.4,813.2
2.4,749.7
1.9,908.7
2.1,773.79999
1.9,420.5
2.1,212.4
2.6,232.4
2.7,280.6
2.2,363.39999
1.8,462.1
1.2,611.6
0.7,862.39999
0.7,1433.4
0.5,2141.59999
0.7,2730.4
0.5,3216.5
0.6,3605.3
0.7,3856.8
0.6,3962.3
0.4,3459.19999
0.6,3509.0
0.8,3774.0
1.4,3805.5
0.8,4073.8
1.9,4139.69999
1.6,4038.59999
2.7,3744.5
3.5,3467.09999
3.7,3267.0
3.9,2974.8
4.3,2827.4
3.9,2941.09999
3.7,2915.9
4.6,3021.19999
3.3,3137.4
2.2,3215.0
1.3,3340.8
1.2,3563.4
1.5,3833.19999
0.9,4052.09999
0.6,4055.5
0.2,4058.59999
0.8,4152.8
0.5,4178.6
1.3,4140.39999
3.6,4053.4
3.5,3914.8
3.3,3741.59999
4.0,3637.19999
3.7,3579.3
3.3,2968.8
2.8,2324.09999
2.4,1822.4
2.1,1478.7
3.0,1406.5
1.8,1537.59999
2.5,1668.59999
2.3,1748.4
2.1,1775.7
2.1,1891.0
2.5,2127.4
2.5,2523.8
2.9,3039.69999
2.1,3468.69999
2.0,3175.4
3.8,3135.0
4.0,3289.9
3.1,3267.9
2.7,2994.19999
4.1,3195.8
3.8,2911.8
4.7,2603.0
5.3,2355.59999
4.2,2398.59999
4.2,1495.8
3.9,873.0
5.2,533.79999
5.3,374.3
5.7,347.8
5.6,342.69999
5.5,469.8
5.0,547.6
4.2,507.39999
3.6,435.8
3.2,506.3
3.2,775.5
3.3,1229.4
5.0,1625.8
4.6,1752.8
5.1,1650.2
4.5,1455.5
5.4,1289.7
5.9,1017.3
7.0,991.7
8.3,959.0
7.6,873.29999
7.3,780.0
5.6,752.2
5.6,806.5
5.7,263.69999
5.5,71.29999
6.6,39.0
6.1,37.1
6.6,58.2
7.7,87.4
8.4,135.0
8.1,190.5
6.9,235.4
6.8,289.6
6.0,386.39999
6.0,478.39999
6.5,456.6
6.1,390.19999
6.0,347.8
5.4,320.89999
5.5,266.8
4.6,273.69999
4.1,252.5
3.2,249.8
2.4,238.9
1.7,256.69999
2.1,287.8
0.6,295.1
0.7,134.59999
0.6,65.2
0.4,68.09999
0.6,121.3
0.9,180.19999
1.4,253.9
2.1,348.1
2.7,462.5
2.6,637.6
2.9,797.29999
2.5,958.6
3.7,1081.8
3.8,1238.0
3.8,1295.7
2.7,1290.09999
2.6,1452.4
1.9,1700.2
2.8,1961.09999
3.2,1825.5
1.8,1775.8
0.7,1847.8
0.8,1846.09999
0.6,1885.5
0.7,1501.3
0.8,939.0
0.7,662.1
0.4,673.5
0.4,810.2
1.5,801.5
2.1,1110.5
2.4,1298.9
3.6,1390.59999
3.6,1318.3
3.4,1225.9
3.3,1293.2
3.7,1428.09999
4.0,1492.2
3.7,1349.2
3.1,1112.4
3.5,959.6
3.2,952.0
2.2,945.2
0.7,874.5
0.9,821.2
0.8,810.2
0.5,776.39999
0.6,805.29999
0.6,894.89999
0.8,694.79999
1.0,683.7
2.6,749.79999
2.3,802.29999
2.2,795.0
2.5,862.5
1.3,1011.8
1.4,1081.59999
1.3,1089.8
0.7,1133.9
1.3,1198.3
0.6,1280.5
0.4,1283.4
0.5,1260.9
0.3,1305.09999
0.6,1454.3
0.4,1582.9
0.2,1693.5
0.4,1713.5
1.6,1640.09999
1.8,1535.2
1.9,1499.7
1.7,1617.7
1.3,1428.3
2.5,992.5
1.4,684.5
1.7,578.89999
2.5,505.89999
2.7,605.6
1.5,652.0
2.2,653.1
2.7,712.5
3.9,760.29999
3.0,866.79999
3.1,1111.59999
1.5,1341.3
0.9,1479.4
1.9,1575.8
1.2,1671.3
1.3,1904.5
2.1,1914.9
2.8,1615.9
3.2,1557.5
2.8,1396.8
2.8,1259.4
1.3,1042.9
1.5,902.2
2.4,536.89999
3.7,408.39999
4.1,367.89999
4.4,304.0
3.6,282.6
3.5,336.89999
3.5,412.8
3.9,533.6
4.1,591.1
2.9,605.1
2.9,651.39999
1.7,775.0
0.6,1046.7
0.7,1461.8
0.5,1796.59999
0.5,2131.69999
0.9,2425.4
0.9,2658.9
1.0,2417.8
2.1,2150.8
5.7,2102.5
3.5,2064.8
2.5,1884.2
2.9,1557.5
2.9,1216.59999
2.4,954.7
6.7,1089.4
7.0,1070.09999
6.7,1114.59999
5.7,1027.3
3.5,1069.9
4.4,1095.5
3.9,1164.0
2.5,1197.8
2.4,1155.59999
2.8,1127.9
2.5,1161.59999
2.1,1334.3
2.4,1419.3
2.9,1473.0
2.7,1539.09999
2.7,1579.59999
2.4,1401.3
1.8,1318.7
2.7,1202.9
4.3,1051.5
3.8,950.0
2.8,762.5
4.6,663.79999
6.1,633.7
4.2,625.0
3.4,658.89999
3.9,711.6
3.9,727.89999
3.0,743.1
2.5,780.1
3.2,853.5
3.6,935.1
2.7,1054.5
3.9,1194.09999
3.7,1348.2
3.5,1369.7
4.1,1438.2
4.1,1580.7
3.8,1756.7
4.1,2089.8
4.0,2073.5
3.7,2268.4
4.5,2340.09999
6.1,2382.0
4.8,2290.5
5.2,2233.9
5.2,2025.2
4.1,1764.9
3.3,1665.4
3.1,1555.5
2.1,1376.09999
2.7,1247.3
2.9,928.5
2.5,772.89999
3.1,657.89999
4.0,505.69999
4.2,390.5
5.0,347.39999
5.7,428.69999
5.1,597.1
5.3,786.5
5.7,959.39999
5.8,1061.09999
5.8,1142.5
6.8,1110.0
5.9,1154.0
5.4,1258.9
5.3,1457.09999
4.6,1640.8
3.9,1683.8
3.2,1397.5
2.8,1429.4
2.2,1655.5
1.4,1885.4
2.1,1978.4
1.3,2010.8
1.4,2362.4
1.3,2635.9
1.7,2754.4
2.3,2836.5
3.1,2784.69999
3.4,3039.9
3.6,3159.69999
3.1,3249.59999
3.4,3099.3
4.4,2755.5
4.7,2338.5
4.3,2063.19999
4.5,2188.0
4.6,2065.5
5.0,1897.9
4.7,1806.5
4.3,1640.09999
5.0,1557.8
5.7,1335.09999
4.4,880.6
4.1,662.7
4.9,684.39999
7.3,939.6
7.5,1289.09999
6.5,1303.9
6.2,1373.7
6.0,1486.9
5.3,1530.5
5.6,1503.5
5.3,1525.0
5.0,1572.3
5.2,1685.9
4.2,1702.9
4.2,1661.0
4.8,1617.4
4.9,1784.5
4.7,1880.2
4.2,2069.09999
4.5,2083.5
4.1,2045.8
4.8,1833.7
4.6,1511.59999
4.3,1252.59999
4.7,947.1
5.3,762.29999
5.4,733.5
5.5,739.89999
4.7,867.7
4.6,834.39999
4.9,915.79999
5.0,967.0
4.4,1000.2
5.8,1035.5
7.2,1060.4
6.3,1024.7
5.1,968.29999
4.2,1023.3
5.2,1113.5
4.2,1197.9
5.4,1239.7
5.1,1095.2
4.2,1102.7
2.8,1210.59999
2.1,1178.59999
3.2,1103.9
4.2,898.7
4.5,676.39999
5.4,541.29999
5.3,487.89999
5.9,449.0
5.6,440.8
4.4,327.89999
5.8,300.1
5.7,310.1
5.7,332.8
5.0,313.89999
4.5,279.69999
4.3,282.8
3.5,338.5
1.8,414.39999
1.9,457.19999
2.5,421.0
2.5,363.6
2.2,336.19999
1.8,371.19999
0.8,405.6
0.7,440.6
0.6,549.29999
0.6,583.6
0.5,575.39999
0.8,537.29999
2.4,590.2
2.8,647.7
3.5,815.1
4.7,956.29999
6.5,1002.7
6.6,1088.7
6.7,1190.7
6.4,1284.59999
6.2,1320.9
4.0,1307.9
3.8,1295.09999
5.2,1415.8
5.3,1860.09999
4.3,2137.3
5.1,2242.9
4.6,2030.59999
3.9,2047.7
2.7,1839.7
3.0,1759.4
2.8,1820.59999
2.9,1681.2
3.4,1488.0
4.3,1476.2
3.8,1343.5
4.3,1061.09999
4.7,1135.3
4.7,1214.5
4.4,1335.59999
4.6,1048.2
4.6,1020.7
5.1,1006.3
5.0,952.29999
4.0,885.6
3.9,883.7
3.4,1226.09999
3.0,1521.2
3.7,1736.7
4.1,1802.4
4.6,1726.2
5.1,1793.09999
5.0,1855.5
3.7,1602.2
3.6,1492.09999
4.4,1451.8
5.0,1324.09999
5.6,1069.5
5.5,743.39999
6.8,573.29999
7.7,524.7
8.5,524.39999
8.5,571.2
8.3,690.6
7.9,713.5
7.8,845.1
8.2,1000.6
6.4,1031.7
6.8,917.29999
3.7,689.6
3.5,571.1
3.1,565.79999
3.5,608.2
3.4,762.39999
2.7,780.0
1.1,651.1
2.1,553.39999
1.8,474.39999
1.8,419.19999
1.6,430.3
1.8,445.0
1.4,500.6
1.9,518.5
2.9,465.69999
2.9,524.1
3.3,694.7
3.9,925.0
3.5,1094.09999
2.9,1181.9
3.9,1263.5
4.0,1450.2
3.4,1635.4
3.9,1805.4
2.6,1953.4
2.2,2276.4
0.8,2675.4
1.0,3111.09999
1.1,3263.59999
2.3,3103.59999
1.3,3172.19999
0.9,3315.0
1.3,3507.9
1.2,3359.19999
2.7,3316.09999
4.2,3207.0
4.0,2893.3
3.7,2358.9
3.7,1973.59999
3.0,1897.2
4.9,1945.5
4.9,2112.8
5.6,2324.0
5.0,2524.5
5.2,2661.9
4.4,2713.09999
3.6,2822.5
3.7,2701.09999
2.6,2410.69999
1.1,2054.4
0.6,1863.7
1.0,2007.59999
1.3,2217.19999
0.7,2132.19999
1.0,2017.4
1.4,1966.9
1.9,2109.3
1.5,2151.3
1.8,2217.09999
3.2,2137.0
3.3,1950.7
3.3,1778.3
3.5,1900.2
2.8,2101.59999
3.6,2078.9
3.8,2121.9
4.0,2330.19999
4.2,2525.9
4.3,2560.59999
4.3,2571.69999
2.9,2494.3
2.2,2319.4
1.5,1976.3
1.7,1713.5
1.7,1512.5
1.4,1488.7
1.6,1588.3
1.7,1553.2
1.7,1341.9
2.3,1297.5
2.9,1171.0
2.9,1189.5
4.3,1122.0
5.1,1120.0
5.0,1041.5
5.7,570.29999
5.2,371.89999
4.8,481.39999
4.3,650.7
3.5,800.39999
3.3,1013.6
3.0,1081.59999
3.2,1112.59999
3.0,1120.8
2.2,1060.7
1.5,925.7
1.2,755.1
0.7,607.7
0.3,569.1
0.5,689.5
0.5,754.0
0.4,731.79999
0.7,753.6
0.9,842.29999
1.2,830.89999
0.9,1038.8
1.1,976.89999
1.9,950.0
1.6,885.1
2.6,647.39999
2.5,573.5
2.1,572.2
2.0,594.2
1.6,505.89999
2.5,646.79999
2.1,767.7
1.3,864.89999
1.2,965.1
0.8,999.29999
0.6,933.2
1.3,762.6
1.2,648.7
0.7,704.89999
0.9,864.1
0.9,1012.1
1.5,1075.7
2.7,1240.2
4.2,1478.8
3.4,1557.59999
3.3,1818.4
3.5,1953.3
3.6,1983.4
2.9,1920.7
0.6,1486.3
0.5,1144.09999
0.6,1030.59999
0.6,936.1
1.5,917.2
2.8,1072.4
4.1,1299.3
4.9,1381.7
4.6,1542.09999
4.2,1629.59999
4.5,1676.59999
3.6,1559.5
4.2,1549.8
3.9,1864.4
4.5,2335.0
5.1,2665.19999
4.7,2752.4
2.3,2870.0
2.6,3103.09999
2.7,3076.69999
3.2,3095.09999
4.0,2985.0
4.0,2755.19999
4.9,2730.5
5.4,1885.3
5.2,1261.0
5.2,988.6
4.8,814.29999
5.2,874.6
5.1,950.29999
5.4,1008.6
5.1,1110.2
4.9,1172.59999
5.1,1194.0
4.8,1145.7
4.7,1228.0
3.8,1405.5
1.8,1774.9
0.6,2275.19999
0.6,2659.5
0.5,2823.69999
0.4,2896.5
0.5,3079.0
1.0,3266.59999
0.5,3279.5
0.3,3326.59999
0.7,3198.8
2.0,2940.19999
3.1,2599.3
2.5,1868.9
1.9,1495.7
2.2,1241.7
2.9,1199.2
2.3,1312.4
2.7,1471.3
2.8,1588.0
2.7,1731.5
2.1,1897.9
0.9,2015.8
1.3,2085.5
1.3,2361.8
0.8,2628.59999
0.6,2803.9
0.3,2976.3
0.3,3119.3
0.6,3263.8
0.5,3517.69999
0.5,3548.5
0.4,3504.0
0.3,3406.09999
0.5,3167.5
0.5,2851.59999
1.4,2581.09999
1.8,2117.4
2.5,1765.59999
2.6,1432.8
2.1,1422.59999
2.5,1475.7
2.6,1609.7
2.6,1740.4
2.1,1940.0
1.9,2156.19999
1.4,2528.3
1.1,2998.8
2.0,3363.19999
2.1,3608.0
1.8,3745.4
0.5,3748.69999
0.3,3393.4
0.4,3622.59999
1.3,3522.69999
0.8,3483.9
0.8,3343.19999
0.9,3331.4
1.3,3181.59999
1.4,2970.0
1.7,2496.9
2.3,2055.8
2.5,1915.3
2.2,1912.09999
1.6,2091.3
2.4,2329.3
2.3,2372.3
2.8,2318.9
1.9,2234.09999
2.0,2291.9
2.2,2363.69999
2.1,2413.4
1.6,2813.9
0.9,3158.5
3.6,3323.9
3.8,3357.4
3.2,3240.69999
2.3,3148.5
2.1,3187.69999
2.0,3160.19999
2.1,2940.5
2.3,2737.9
2.1,2514.8
3.1,2328.09999
2.6,1510.7
3.2,883.0
2.9,583.79999
3.8,428.39999
3.4,380.8
3.1,428.19999
3.1,565.1
3.3,647.7
3.2,805.2
2.9,851.89999
3.1,819.29999
4.4,744.6
3.6,662.6
2.5,650.1
1.1,615.2
0.7,546.6
1.3,407.89999
1.7,309.89999
3.3,315.1
2.2,321.19999
2.1,282.69999
3.2,310.6
3.9,326.1
4.0,308.19999
3.7,308.1
4.1,163.19999
4.6,96.09999
4.6,110.59999
4.5,142.0
4.0,193.59999
3.3,189.3
4.0,244.19999
3.7,353.1
3.5,403.5
3.0,402.39999
3.1,375.0
2.5,331.89999
2.2,415.3
2.9,567.5
2.8,752.2
2.0,868.6
1.8,980.79999
2.3,1090.7
0.8,960.29999
0.6,923.6
1.2,944.5
2.1,855.7
1.8,824.2
2.1,531.29999
2.5,274.3
3.3,207.19999
3.8,225.59999
2.7,252.69999
2.7,323.3
2.6,341.19999
2.3,426.6
2.0,460.0
1.7,554.29999
1.7,651.89999
1.5,628.6
1.4,567.79999
0.8,565.29999
0.5,633.5
0.4,760.6
0.4,907.79999
0.4,959.29999
0.9,1084.59999
0.6,1110.7
0.5,1116.09999
0.6,1194.9
1.5,1187.9
1.6,1159.3
1.3,817.7
2.0,472.3
1.5,454.5
2.3,567.7
2.5,695.39999
2.9,765.29999
2.2,800.7
3.1,874.5
2.8,1005.5
2.8,1028.9
3.6,867.7
2.6,700.89999
2.8,701.6
1.7,866.79999
0.7,1002.4
0.8,1020.3
0.4,1030.7
0.5,1132.59999
0.8,1287.09999
0.6,1599.09999
0.8,1835.09999
1.5,2009.9
1.9,2119.09999
1.5,1979.3
1.3,2124.9
2.9,1474.3
3.5,1181.0
4.1,1102.5
4.1,1155.4
4.5,1323.8
4.6,1705.59999
4.1,1852.7
5.7,1836.0
5.2,1795.8
5.8,2033.9
5.0,2144.19999
3.2,2282.09999
1.6,2349.3
1.0,2516.8
0.3,2426.0
1.3,2323.9
0.7,2356.09999
0.7,2343.19999
0.5,2311.8
0.8,2158.9
2.6,2123.5
2.4,1809.09999
3.1,1793.4
3.4,1731.4
3.3,1830.9
2.3,1822.59999
2.4,1983.3
1.7,1972.59999
1.5,2081.5
1.8,2397.8
2.8,2523.09999
3.2,2822.5
3.9,2769.5
3.6,2624.19999
3.1,2490.9
2.8,2371.0
2.0,2260.4
1.8,2309.8
2.1,2395.4
2.2,2336.69999
4.6,2539.5
4.4,2590.19999
3.1,2941.8
2.8,2557.59999
3.3,2530.9
3.9,2451.3
4.1,2240.4
5.2,2187.4
5.4,2197.69999
5.8,2195.09999
5.6,2138.8
5.7,2370.8
6.0,2687.4
6.1,2731.0
6.3,2684.8
6.2,2787.0
6.5,2567.4
6.0,2113.69999
5.6,1546.09999
5.0,1176.09999
4.1,1111.5
3.4,1114.59999
3.2,1124.09999
3.2,1118.5
2.5,1022.3
2.5,1172.5
2.9,1608.8
3.1,1759.2
3.9,1882.2
4.1,1821.59999
4.2,1748.0
4.8,1171.09999
4.5,789.0
4.5,681.5
4.6,781.89999
5.8,850.39999
6.4,932.89999
6.1,1089.9
4.6,1188.9
4.5,1193.09999
4.5,1164.09999
4.6,1083.59999
4.3,967.5
3.4,980.6
2.4,1137.4
2.2,1344.59999
1.8,1592.5
1.5,1771.3
1.3,1892.3
0.7,2113.9
0.7,2212.3
0.4,2319.09999
0.8,2278.5
1.8,2141.09999
2.0,2252.69999
2.2,1550.0
2.4,1013.9
2.8,860.7
2.9,859.39999
2.7,923.79999
3.7,1015.0
2.3,1282.8
4.7,1402.4
2.9,1659.5
1.0,1696.7
1.1,1704.9
1.5,1651.7
1.0,1592.59999
1.1,1740.09999
0.7,1958.9
0.5,2044.7
0.4,2023.09999
0.6,1956.59999
0.7,2028.59999
0.8,1978.7
1.0,1834.9
2.1,1922.2
2.1,1787.59999
1.2,1588.2
2.1,880.29999
2.4,552.0
2.5,447.3
2.8,458.5
2.9,453.89999
3.1,531.6
3.9,644.7
3.5,666.29999
2.9,636.2
4.0,636.29999
4.3,661.7
3.4,595.5
2.4,511.69999
1.0,567.5
0.8,768.79999
0.7,775.2
1.0,765.7
0.7,723.39999
1.0,699.29999
0.6,637.1
1.3,590.79999
1.5,562.2
1.8,539.79999
3.0,454.0
2.9,375.0
3.1,232.0
3.0,179.59999
2.6,139.8
3.2,94.7
2.8,91.2
2.6,121.8
3.4,168.3
2.2,224.4
2.2,321.1
1.8,384.3
2.2,419.69999
0.9,460.5
1.2,468.8
0.7,557.79999
0.7,778.0
1.1,1095.3
0.7,1286.59999
0.6,1285.8
0.7,1362.9
0.6,1324.59999
0.6,1157.09999
0.7,1033.5
0.9,1296.9
1.1,993.1
1.5,809.0
1.8,616.6
1.7,454.5
1.7,394.19999
3.2,476.3
3.4,455.6
3.4,429.19999
2.8,448.19999
2.2,452.39999
1.7,505.3
2.8,487.1
1.5,452.19999
1.1,514.79999
1.0,657.6
0.6,895.5
0.5,1201.2
0.5,1499.09999
0.6,1878.7
0.8,2301.0
0.7,2547.8
0.9,2816.09999
0.5,2647.3
0.7,2642.69999
1.1,1945.4
1.4,1614.9
2.6,1448.0
3.5,1515.9
1.8,1916.2
3.4,2496.5
2.4,2567.8
1.7,2871.59999
1.4,2855.69999
1.9,2795.69999
1.7,2196.59999
1.7,1840.59999
1.7,1570.7
1.2,1425.09999
1.2,1449.7
0.6,1400.7
0.6,1268.3
0.6,1015.4
0.5,1012.3
0.7,823.79999
0.4,808.29999
0.4,957.1
0.8,1144.59999
1.4,1063.2
1.4,949.29999
1.5,1052.2
1.7,1177.2
1.6,1379.09999
1.9,1622.7
1.5,1872.09999
2.0,1703.4
2.7,2127.69999
4.4,2508.0
2.4,2670.19999
2.8,2598.3
1.7,2442.3
1.0,2254.9
2.1,2649.19999
1.4,2266.59999
0.8,2342.69999
0.4,2297.4
0.5,1971.09999
0.6,2096.09999
0.9,1709.4
1.0,1683.4
1.5,1528.3
1.8,1296.59999
2.5,1095.5
2.8,968.39999
1.7,1040.3
1.7,1134.3
2.6,1165.5
2.9,1363.3
1.8,1652.2
2.1,1891.7
1.7,2200.4
1.4,2312.3
2.0,2854.5
1.6,2938.09999
1.9,2836.69999
1.5,2588.0
1.9,2448.0
1.7,2254.3
2.3,2273.0
3.9,2389.5
4.4,2557.4
5.1,2495.19999
4.9,2577.69999
3.8,2482.69999
3.3,2199.19999
3.0,1868.2
2.9,1312.59999
2.9,864.5
2.7,614.1
1.8,557.5
1.7,658.5
1.1,820.5
1.4,991.29999
1.8,1120.59999
2.4,1170.0
2.1,1356.7
1.9,1465.7
2.1,1329.4
2.1,1330.59999
4.9,1470.2
7.9,1506.8
7.5,1625.3
7.2,2042.5
6.3,2620.9
5.9,3248.4
5.2,3408.69999
5.4,3857.9
4.9,4138.5
3.6,4262.39999
4.2,4195.39999
4.2,4065.59999
4.2,3935.69999
4.2,3845.69999
5.1,3706.9
5.2,3595.09999
5.0,3390.69999
4.2,3028.3
3.8,3081.19999
4.1,2481.8
4.2,2215.4
5.0,1841.2
5.6,1553.8
6.9,1681.2
7.2,1854.3
6.8,2037.4
7.1,2156.3
7.4,2185.09999
6.0,2495.69999
6.9,2819.9
4.2,2660.4
2.3,2713.3
2.0,2793.3
2.8,2709.8
4.9,2460.5
3.7,1912.7
4.7,1588.09999
3.7,1584.3
4.4,1455.8
4.3,1568.5
5.1,1732.3
4.9,1866.0
5.1,2021.7
5.3,2218.19999
5.8,2361.3
5.8,2509.19999
6.0,2518.19999
5.4,2436.9
4.0,2091.3
5.4,1771.3
6.0,1553.59999
5.2,1360.09999
3.6,1233.7
5.5,1227.7
6.6,1217.09999
5.9,1130.59999
5.9,1126.8
5.0,997.89999
3.6,854.0
2.6,664.6
1.6,623.89999
1.3,666.39999
1.2,603.5
1.0,495.8
2.2,486.8
2.0,617.29999
1.4,881.6
2.3,1003.6
1.9,1122.8
1.5,1301.4
2.0,1485.4
3.0,1601.59999
3.2,1636.7
2.7,1951.09999
1.8,2362.69999
1.5,2842.19999
2.0,3036.19999
3.0,3072.9
4.1,3048.59999
4.4,3123.09999
3.1,2929.8
3.0,2877.8
2.6,2902.8
2.5,2951.3
2.6,3049.5
1.8,2968.69999
2.4,3113.5
2.1,3022.59999
2.2,3220.0
1.8,3281.69999
1.3,3153.9
1.7,3110.6
2.6,2736.05
2.2,2573.85
2.5,2774.95
3.2,2861.625
2.4,2820.025
1.9,3224.125
2.7,3273.975
4.2,3419.8
3.6,3713.575
3.5,3870.625
3.6,3680.625
2.6,3474.225
1.6,3358.025
1.3,3204.825
1.9,2924.0
1.1,2813.025
0.8,2572.6
0.7,2386.4
1.4,2215.425
1.4,2203.7
1.8,2214.2
1.9,2248.9
2.2,2419.175
1.7,2650.175
2.9,2731.6
3.3,2518.275
3.5,2523.425
3.9,2416.55
4.1,2265.725
4.4,2218.725
3.5,2177.875
2.2,2195.45
2.2,2252.975
3.6,2441.95
2.3,2518.375
3.5,2835.9
3.9,2913.475
3.9,2978.2
3.3,2994.05
2.5,3120.1
1.9,3229.175
1.7,3152.95
1.6,3091.475
1.7,2992.75
1.9,3123.85
2.1,3225.15
2.3,3235.125
3.6,3140.95
4.1,2995.775
3.4,2796.65
4.0,2564.3250000000003
4.4,2276.975
4.4,1977.725
4.5,1564.375
4.2,1180.175
4.7,935.525
4.8,853.425
4.6,826.125
4.3,738.625
3.7,654.4
3.2,632.075
3.4,559.975
1.8,496.575
0.5,408.4
0.5,278.775
0.5,162.575
0.4,151.85
0.7,218.175
0.5,320.45
0.9,474.4500000000001
1.9,572.0
2.0,680.625
2.4,867.625
3.3,838.575
1.9,806.225
1.6,824.7
1.8,823.8
2.1,881.35
2.0,849.45
1.9,790.4250000000001
1.5,774.125
2.2,809.275
2.1,845.45
2.2,887.175
3.3,920.1
2.5,880.95
1.0,816.7
0.4,695.075
0.3,610.2
0.7,548.15
0.5,541.25
0.5,603.7
0.5,719.95
0.8,929.675
0.5,1131.05
0.6,1315.575
1.3,1420.9
1.7,1463.175
0.9,1399.8
1.1,1314.1
1.5,1197.65
2.4,1274.025
2.4,1333.975
2.5,1681.425
2.4,2331.575
2.1,2868.175
1.8,2917.3
1.3,2947.075
1.9,2934.8250000000003
1.1,2876.15
1.0,2810.0
1.1,2493.275
1.8,2438.45
1.2,2835.35
0.6,3094.675
0.8,3178.7250000000004
0.5,3222.675
0.6,3209.525
1.2,3137.3
1.3,3106.575
0.6,2989.925
2.1,2739.1
2.5,2533.525
2.5,2244.325
1.5,1978.05
2.5,1998.15
2.3,1957.4
1.7,2041.3
2.4,2334.25
3.4,2930.825
3.2,2887.95
2.9,2634.15
3.0,2502.775
2.4,2207.825
1.6,1667.55
0.5,971.625
0.9,510.775
0.7,268.725
1.0,218.625
1.0,252.45
0.8,303.45
0.7,342.525
1.5,369.75
0.8,394.675
1.4,434.975
2.5,419.075
2.6,376.1
2.1,327.975
2.1,315.55
2.7,280.725
2.8,283.925
3.5,319.775
2.9,363.85
4.5,378.9
5.9,384.525
5.3,382.175
4.9,356.95
4.3,329.275
2.7,277.05
2.5,186.175
2.3,153.325
1.5,146.2
1.0,153.55
0.5,194.025
0.6,311.0
0.9,421.125
1.3,523.425
1.8,620.725
2.1,733.25
2.0,699.425
2.3,673.275
2.9,733.075
3.6,752.2249999999999
3.3,721.0
2.8,832.325
3.8,1083.05
4.8,1385.5
3.2,1590.475
2.6,1723.825
1.7,1838.725
2.8,1945.55
3.0,1766.225
1.0,1492.575
0.7,1061.35
1.0,781.325
0.5,582.9
0.9,522.875
0.9,641.9
0.7,884.275
0.5,1171.65
0.7,1589.2
0.7,2080.425
1.6,2489.05
2.3,2743.875
2.5,2706.65
3.8,2512.3
4.3,2568.425
4.1,2562.3
4.5,2608.725
3.6,2676.5
3.8,2728.1000000000004
3.2,2767.875
2.6,2776.85
1.8,2800.225
0.6,2845.325
0.5,2727.35
1.2,2432.0
2.0,1849.625
6.8,1188.5
5.0,1015.275
4.8,1224.45
3.9,1595.625
3.6,1854.175
4.1,2020.85
4.3,1908.8
3.3,1778.225
2.7,1589.9
3.1,1335.35
2.8,1089.875
2.9,873.9
2.7,718.0
2.8,561.0
3.1,449.45
3.3,467.55
3.5,523.25
3.5,654.1999999999999
3.9,733.05
5.0,703.2750000000001
6.0,640.75
5.9,709.525
6.6,593.05
7.0,392.275
6.2,197.15
6.2,98.075
6.0,110.975
6.5,147.675
6.7,190.05
5.7,268.35
4.3,327.325
3.6,383.4
4.1,445.15
4.7,484.225
3.9,517.025
3.6,555.05
3.8,551.0
3.9,578.375
2.9,689.125
3.3,872.45
4.6,1134.9
5.2,1491.075
5.8,1936.975
6.1,2409.625
5.8,2869.45
5.3,2815.775
6.0,2641.6
6.0,2875.825
6.2,2460.275
7.1,1629.675
4.2,1505.825
3.4,1480.5
2.7,1619.15
2.7,1561.1
2.0,1738.375
1.8,2076.6
2.1,2225.75
3.0,2278.675
2.4,2235.725
2.2,2710.775
1.5,3012.1
1.5,3114.975
1.6,3142.175
2.7,3073.975
3.4,3358.1
3.3,3185.35
3.0,3201.55
3.2,3158.425
3.8,3066.0
4.0,2876.45
4.5,2659.25
6.2,2487.425
5.0,2101.85
4.4,1474.825
4.5,1333.975
5.4,1347.875
4.9,1544.425
4.3,1856.925
3.4,2284.9750000000004
2.7,2739.05
1.4,2986.025
1.5,3193.4
1.1,3252.525
1.7,3244.25
1.6,3054.55
1.3,3134.8
1.4,3173.725
1.4,3238.675
0.7,3062.3
1.4,3011.525
2.4,3028.45
2.1,3014.425
2.4,2977.375
2.2,2790.3
2.6,2497.225
2.4,2397.425
3.3,2068.1
1.5,1494.125
2.4,1282.175
1.5,1160.05
2.4,1087.35
3.1,1124.8
3.2,1249.575
1.0,1356.85
0.9,1351.425
0.8,1165.725
0.6,913.875
0.4,773.25
0.6,666.825
0.5,595.425
0.5,512.5
0.8,473.825
1.3,477.575
1.9,524.55
2.1,523.9
3.0,503.3
2.8,431.175
2.8,314.175
4.3,264.875
3.3,259.55
4.6,183.175
4.8,110.675
4.6,101.825
3.4,132.25
3.8,174.825
3.6,231.15
3.4,285.1
3.2,328.5
3.1,438.475
2.8,498.45
2.2,467.775
1.6,395.75
1.1,341.0
0.8,349.575
0.8,383.2
0.5,417.8
1.2,583.8
1.9,750.675
2.8,759.05
3.5,777.95
3.2,773.0749999999999
4.4,776.85
2.1,755.5500000000001
3.5,698.675
3.3,507.625
2.5,370.2
2.9,232.075
1.6,199.275
1.0,222.45
2.5,246.375
2.6,260.425
1.1,287.525
0.7,298.8
0.6,282.45
0.5,288.15
0.7,289.575
0.7,299.85
0.7,360.8
0.8,481.45
0.9,640.275
2.1,774.0999999999999
2.4,848.4749999999999
2.5,960.775
3.2,1038.175
2.9,967.9
4.4,823.125
4.4,816.675
4.5,757.275
3.4,488.45
4.7,322.5
4.6,269.15
4.6,285.8
4.8,361.975
4.8,411.45
3.0,485.3
1.4,556.3
1.7,668.4
1.9,732.725
1.0,829.55
0.7,852.525
0.9,823.575
0.8,895.025
0.5,1086.825
1.3,1253.0
2.1,1638.875
3.1,2306.925
3.4,2554.625
3.6,2438.975
4.4,2244.3
4.5,1968.775
4.8,1597.675
4.8,1394.325
5.3,957.0
5.4,514.0
4.2,311.475
3.1,326.05
2.4,439.35
1.9,481.675
1.8,437.475
1.7,375.85
1.1,327.4
0.6,329.525
1.0,369.05
1.6,407.975
0.6,507.425
0.5,595.65
0.4,758.375
0.6,1054.975
0.6,1539.025
1.3,2269.35
1.4,2740.575
1.7,3053.675
1.4,3123.7
1.5,2962.125
1.3,2644.05
1.9,2101.675
1.2,1244.7
1.4,574.175
1.5,272.05
1.4,184.5
2.2,194.375
1.6,271.625
0.9,260.975
0.7,240.975
0.7,241.175
0.6,231.6
0.7,238.425
0.5,217.6
0.5,240.15
0.3,341.85
0.5,410.625
0.5,460.2
0.6,595.85
1.2,840.725
1.3,1134.5
1.5,1514.125
1.8,1800.075
2.2,1797.75
0.8,1584.9
0.8,1448.1
1.6,930.825
5.8,417.225
4.8,145.825
3.0,80.525
2.1,72.95
2.2,87.35
2.6,111.825
2.1,178.45
2.4,263.8
2.4,312.175
1.3,323.125
2.0,297.925
1.9,270.6
0.7,264.975
0.8,320.75
0.6,362.725
0.5,402.75
0.9,429.5
1.0,426.125
2.3,435.5
3.0,420.15
2.7,388.7
3.0,354.15
2.9,347.8
2.5,333.35
2.0,328.55
1.8,271.05
2.0,251.925
2.4,255.1
1.5,252.625
0.8,271.525
0.7,283.7
0.9,347.475
1.4,388.875
1.2,402.225
1.0,419.55
0.8,325.55
0.6,259.92499999999995
0.5,318.85
1.2,408.65
1.8,649.575
2.1,989.4
2.1,1263.0500000000002
2.4,1470.25
2.7,1439.65
3.7,1211.925
3.9,1071.575
4.9,878.625
3.5,609.05
1.0,365.775
1.4,353.85
2.3,453.225
3.2,563.0
3.4,749.7
3.3,869.25
3.3,976.7
3.5,1099.475
3.3,987.15
3.1,842.925
3.9,659.825
4.5,555.8
5.0,531.0
5.2,571.875
5.4,639.875
5.3,619.075
5.3,601.8
5.8,577.1
6.5,570.0
4.4,602.1
4.2,581.85
4.0,587.775
5.1,582.25
5.4,575.425
2.8,432.1
1.8,359.375
1.6,324.775
2.7,305.675
3.6,322.7
4.5,402.1
3.6,466.475
3.7,680.8499999999999
3.5,819.775
3.1,833.45
3.5,1009.95
3.7,1020.775
2.9,933.325
1.8,946.225
1.1,963.3
1.6,954.15
2.9,1001.825
3.6,1110.05
4.2,1260.7
4.1,1418.225
4.3,1326.3
4.0,1186.975
4.4,1014.3
4.3,836.225
3.8,761.375
2.3,749.6500000000001
2.3,787.5
2.6,887.475
2.3,913.075
2.1,962.575
2.2,1078.25
1.8,1158.325
1.4,1189.675
1.5,1126.65
0.7,1163.7
0.6,1284.85
0.8,1230.9
0.9,1224.725
0.8,1253.475
1.3,1245.15
2.0,1383.95
1.9,1547.025
0.8,1596.725
1.8,1612.375
2.4,1544.1
2.4,1318.775
2.2,1089.05
2.4,798.75
2.5,618.5
2.6,599.05
2.6,641.075
2.7,710.05
2.4,677.875
2.7,614.6
2.6,537.375
2.7,460.95
2.1,304.45
2.5,224.325
3.0,201.325
2.9,178.725
2.9,154.425
2.7,146.55
3.2,168.05
3.4,177.85
4.0,218.15
4.0,201.425
4.3,212.1
4.3,212.85
4.0,194.35
4.2,186.7
4.9,127.35
3.9,71.8
3.6,50.85
3.6,40.125
3.4,51.9
4.0,68.6
4.6,100.225
3.9,132.2
4.2,167.8
3.9,235.9
3.8,285.4
3.9,337.25
4.6,343.075
5.0,330.325
5.1,303.275
5.0,323.45
3.9,385.15
4.4,373.7
5.1,404.125
5.4,391.525
5.2,427.775
5.2,513.05
5.3,578.75
4.5,550.5
4.4,492.5
4.4,300.075
4.3,137.5
3.8,61.45
3.9,55.8
3.2,73.07499999999999
2.4,122.225
3.5,164.7
2.9,184.325
2.8,211.9
3.4,254.025
3.6,263.9
3.4,244.175
2.5,246.0
3.1,277.225
3.9,291.15
3.8,306.25
4.1,355.55
4.3,393.15
4.5,417.875
3.9,386.725
4.3,565.7750000000001
4.9,498.6
3.9,390.375
3.7,385.6
5.4,331.20000000000005
5.6,187.375
3.4,86.95
3.6,90.125
3.7,99.45
2.9,125.95
3.8,186.65
3.1,337.325
3.1,371.25
3.0,327.25
2.8,283.79999999999995
2.0,355.125
2.2,360.875
2.5,258.375
3.1,227.775
3.0,229.175
3.8,209.35
3.3,190.25
3.6,146.175
3.9,155.075
4.9,155.775
5.5,91.525
5.3,59.8
4.0,40.6
3.5,27.025
3.4,23.9
3.0,28.1
2.6,38.9
2.2,46.1
2.7,48.55
3.2,95.125
3.2,178.1
3.3,200.975
2.7,216.75
3.4,207.725
3.3,182.0
3.6,171.525
3.4,164.825
3.4,135.45
4.1,111.625
5.3,86.025
5.0,52.25
4.5,55.5
4.1,64.95
4.6,61.05
5.1,52.575
4.6,43.425
4.6,49.65
2.9,41.55
2.7,32.8
3.5,37.65
2.3,48.425
2.6,55.875
2.8,100.25
2.8,137.3
1.8,169.175
1.8,277.85
1.1,329.35
0.5,304.1
0.6,403.925
0.6,429.825
1.0,270.05
0.9,230.1
0.7,187.725
1.6,229.025
2.0,218.875
2.1,224.4
2.2,252.025
2.9,282.4
3.7,299.125
4.2,251.3
4.2,213.35
4.1,180.725
4.3,146.675
3.8,118.9
4.9,124.3
5.4,213.025
5.2,285.225
5.0,438.875
5.7,784.05
5.5,1030.1
7.1,1089.725
6.2,919.175
7.3,783.475
6.3,781.525
6.2,839.85
3.8,1019.25
3.1,1176.625
3.1,1409.5
3.5,1525.9
3.6,1659.525
4.2,1737.9
4.5,1817.15
4.9,1790.925
5.0,1582.125
5.6,1501.275
6.1,1544.05
5.6,1583.275
5.2,1603.425
5.0,1527.775
4.5,1501.025
4.8,1475.725
3.6,1477.75
2.6,1388.725
1.9,1344.525
2.0,1223.35
2.1,1119.4499999999998
1.6,1047.9
0.7,969.275
0.9,969.125
1.0,1014.225
1.1,1029.2
1.4,1063.175
2.0,1138.0
2.7,1210.175
3.3,1320.75
3.8,1459.0
4.4,1433.875
4.8,1122.6
6.2,921.825
4.8,710.2
5.6,556.4
7.0,541.975
5.5,518.725
5.8,538.3
6.5,567.475
4.2,631.175
3.5,618.9
2.0,596.575
2.8,586.95
3.1,591.4
3.0,584.875
3.5,765.075
3.5,870.1
3.5,975.8
3.4,1138.475
3.6,1341.475
3.3,1571.65
3.6,1732.325
3.7,1847.0
4.2,1876.875
4.8,1883.9
5.8,1954.225
6.4,1787.85
6.2,1510.675
4.9,1451.375
5.1,1541.65
4.7,1556.375
3.1,1609.275
3.7,1592.2
3.2,1562.9
2.6,1598.1
1.9,1722.85
2.1,1978.65
2.5,1974.625
1.7,1838.1
2.0,1750.95
1.9,1624.825
2.1,1555.425
2.1,1531.375
1.1,1492.325
1.8,1390.475
2.5,1350.025
3.4,1432.4
3.9,1524.975
4.1,1467.95
3.6,1411.025
4.0,1334.05
3.8,1248.725
3.9,1194.625
3.7,1185.4
4.4,1188.65
3.8,1183.0
3.2,1245.4250000000002
3.4,1321.875
2.5,1344.825
1.7,1377.125
1.9,1481.1
1.2,1536.2
0.6,1515.875
0.5,1501.85
0.6,1430.475
1.7,1453.125
1.4,1499.6
1.1,1639.275
1.0,1713.025
1.8,1605.35
2.0,1512.175
2.6,1402.125
3.5,1284.725
3.6,1211.825
3.8,1126.8
3.6,1048.325
2.6,1057.35
3.2,1028.45
3.3,993.25
3.5,1053.175
4.1,1065.3
1.9,1100.4
2.4,1110.0
2.9,1237.175
3.1,1345.8
3.3,1381.775
3.5,1383.6
3.5,1229.6999999999998
3.9,1222.55
3.8,1273.2
4.0,1492.8
3.0,1781.575
2.9,2042.125
3.7,2145.35
3.5,2162.275
3.6,2056.475
4.1,1779.55
4.9,1457.75
5.2,1122.15
5.8,759.35
6.3,579.3
6.1,493.625
5.4,541.875
5.6,571.575
4.9,541.025
4.1,500.3
2.4,458.1
2.9,438.725
2.7,421.25
3.0,405.875
2.6,416.625
3.1,384.025
3.0,398.775
2.7,455.85
2.6,537.85
2.6,571.625
2.3,614.425
2.1,629.325
2.7,632.5
2.8,618.925
4.2,619.925
4.3,570.275
4.9,584.925
4.5,557.65
4.0,391.2
3.8,291.075
3.7,255.9
3.2,252.225
2.5,251.9
1.9,253.7
1.4,294.2
1.9,359.5
2.3,437.125
3.3,547.825
4.3,524.5
4.6,500.475
4.4,477.675
4.4,524.675
4.4,596.2
4.0,662.225
4.3,750.15
3.8,852.05
4.1,904.575
4.2,969.475
4.7,1017.6
4.6,1088.8
4.5,1005.475
5.4,953.425
4.7,920.725
4.7,928.9
5.1,1029.6
3.6,1203.5
3.6,1320.325
4.4,1423.025
4.6,1617.325
3.8,1714.525
3.3,1734.225
3.0,1708.35
2.6,1569.425
2.4,1402.725
3.3,1307.575
3.8,1226.15
2.4,1141.25
3.3,1138.375
3.2,1150.55
4.7,1120.175
5.0,1067.325
4.7,1005.925
3.9,874.2
4.0,726.45
3.7,600.95
4.3,470.825
4.1,382.725
3.6,399.075
3.5,491.8
3.5,553.45
3.4,622.325
3.2,650.325
2.1,680.5250000000001
1.4,727.65
1.1,706.825
1.2,659.85
0.5,610.9
0.6,552.725
0.9,547.3
1.5,537.8
1.3,521.2
1.0,594.85
0.9,677.65
1.8,698.475
2.0,685.725
2.4,615.125
3.8,491.05
4.0,388.15
3.9,314.675
3.9,245.025
3.8,218.875
4.1,218.625
3.8,95.9
3.9,200.55
3.6,249.325
2.9,258.375
2.5,296.25
1.8,374.625
1.7,400.05
2.0,393.125
2.2,337.35
2.4,307.425
2.7,306.05
2.6,311.32500000000005
2.2,346.15
1.9,423.075
2.7,476.65
2.8,503.725
3.3,557.875
4.0,625.725
4.0,639.4
4.1,617.775
4.0,569.5
3.8,409.95
3.8,302.35
3.3,260.35
2.8,131.1
2.6,107.35
2.6,119.65
1.9,120.525
1.3,147.3
0.7,173.35
0.3,183.275
0.5,170.8
0.7,146.75
0.7,141.675
0.8,172.325
0.3,217.025
0.4,272.0
0.4,311.475
0.5,347.8
0.6,376.675
1.7,362.5
3.4,336.7
4.2,277.2
3.8,215.25
3.4,208.275
3.6,113.025
3.1,63.2
2.5,39.35
2.7,40.55
1.8,49.3
1.7,68.15
1.5,89.15
1.1,140.875
0.5,234.775
0.5,202.725
0.4,219.1
0.4,300.35
1.6,379.65
2.0,390.625
1.4,437.85
0.8,519.525
0.6,571.875
0.7,596.625
1.2,517.125
1.2,505.925
1.3,596.675
2.5,554.675
2.7,446.8250000000001
2.2,497.525
3.4,658.675
3.3,748.575
2.1,927.25
1.8,970.575
1.9,700.575
2.9,451.425
2.3,396.25
2.5,426.575
2.3,447.625
1.6,426.75
2.7,422.3
2.7,410.625
1.7,329.57500000000005
1.6,348.625
1.9,454.7000000000001
2.3,548.0
2.3,491.575
2.8,493.15
2.9,517.4
2.4,542.25
2.4,501.4
3.0,458.775
2.7,433.375
2.7,512.225
3.7,350.425
3.6,179.4
2.5,95.6
2.8,122.1
1.8,216.975
2.0,297.275
1.7,337.425
1.8,375.075
1.9,358.325
2.4,300.625
2.0,280.875
2.6,229.825
2.5,190.25
2.1,161.525
1.9,200.0
1.0,241.7
1.1,236.675
1.0,250.65
1.3,284.275
1.7,288.925
3.0,301.55
3.2,350.75
4.5,321.2
3.7,264.325
3.2,215.825
2.6,137.975
1.7,82.42500000000001
1.5,145.8
1.3,260.1
2.7,371.675
2.1,447.75
1.6,451.15
1.5,429.425
1.6,483.975
0.4,519.05
0.5,492.55
0.4,464.625
1.0,450.7
0.8,600.5
1.7,802.475
1.8,1033.725
2.2,1218.325
2.2,1302.65
2.2,1462.9
2.1,1629.9499999999998
2.0,1631.9
2.4,1496.675
2.8,1200.65
3.8,859.4
4.0,571.9
2.0,544.2
0.8,654.8
0.6,932.875
0.5,1151.325
0.5,1287.775
1.0,1423.825
0.5,1578.75
0.7,1643.85
0.7,1672.025
0.6,1767.125
1.5,2333.125
1.5,2715.175
1.0,2777.325
0.7,2622.675
1.1,2763.65
1.4,2842.575
1.2,2727.425
0.9,2588.575
1.1,2480.775
1.5,2406.9500000000003
1.2,2394.725
1.3,2210.2
1.2,2118.95
1.0,2074.65
1.2,2174.475
1.2,2417.1000000000004
1.0,2629.75
0.7,2783.3
0.6,2870.6
0.6,2856.475
0.7,2815.375
0.8,2775.975
0.9,2803.9
0.8,2956.475
1.2,2830.95
2.0,2708.425
2.0,2577.85
2.6,2551.15
3.7,2559.925
3.7,2646.7
4.7,2786.875
4.8,2810.875
4.2,2801.225
3.3,2662.175
4.6,2441.45
5.4,2104.925
5.3,1842.475
5.6,1603.55
4.7,1443.875
3.8,1526.275
3.7,1690.225
3.8,1662.975
4.1,1606.95
3.8,1367.6
3.6,1113.325
3.3,903.075
3.4,786.575
3.9,676.0
4.7,590.475
5.0,544.425
4.1,633.875
4.4,782.55
4.7,960.675
4.7,1156.15
4.7,1184.5
4.0,1143.4
3.8,1053.1
4.3,867.725
4.2,659.25
4.0,583.675
3.7,465.45
3.4,295.525
3.3,279.825
3.1,398.15
3.3,531.475
2.6,676.425
3.0,794.575
2.2,847.325
2.4,864.125
1.9,800.625
1.8,660.85
1.5,571.15
1.4,480.225
1.9,389.2
1.6,412.925
2.6,470.45
2.9,534.225
2.4,568.75
2.2,523.9499999999999
1.4,481.6
1.7,430.325
2.5,371.575
2.1,318.025
4.0,237.175
4.2,176.925
5.7,165.975
6.0,164.35
5.1,194.35
4.6,201.225
5.4,234.675
7.5,248.65
8.2,283.825
7.7,328.875
6.9,303.6
7.2,262.15
6.9,272.65
6.2,261.15
5.5,280.975
5.8,302.75
6.2,319.05
5.4,355.8
5.5,400.4
4.8,435.5
4.9,433.75
6.4,408.6
5.3,413.625
5.6,417.575
3.8,437.875
3.6,374.15
3.5,285.075
3.0,263.625
2.2,275.0
2.1,315.925
1.3,364.85
1.8,398.025
2.1,462.225
1.6,485.675
1.0,486.85
0.7,446.425
1.0,391.325
0.8,367.05
1.8,366.175
1.0,431.975
0.7,576.05
0.8,641.625
1.4,681.175
2.4,683.725
2.9,672.1
2.7,731.55
3.3,811.5
2.4,796.225
3.1,743.5
4.1,653.325
4.1,590.0999999999999
2.7,554.75
2.7,522.175
2.2,443.6
2.2,389.625
1.8,372.95
1.3,376.8
1.6,397.425
1.6,432.05
1.6,413.325
2.1,382.325
2.3,351.825
2.9,333.025
2.8,335.225
2.4,341.925
2.7,369.0
1.9,374.85
2.1,341.525
1.9,329.425
1.4,323.85
1.4,310.55
1.5,300.875
1.1,302.6
0.5,260.375
1.4,218.425
4.9,230.175
4.7,244.025
5.0,256.175
4.7,272.55
4.4,317.525
3.7,352.95
3.4,393.35
2.8,370.175
2.9,329.825
2.9,294.35
2.7,268.225
2.9,255.85
2.9,234.05
3.0,300.925
3.2,399.425
3.3,513.9
3.3,578.65
3.9,631.275
3.2,641.275
3.8,657.3
3.7,656.05
3.2,650.925
3.0,594.75
4.8,519.1
2.5,406.025
2.7,348.4
2.6,344.55
2.2,384.575
2.3,448.475
2.5,491.35
2.2,569.0
1.3,645.45
1.3,695.45
1.8,582.05
2.2,448.325
2.4,356.5
1.5,336.075
1.8,342.85
2.5,385.575
3.8,403.0750000000001
4.4,431.9
3.6,488.175
3.9,494.125
2.9,433.5
2.9,412.8
2.1,377.175
2.2,229.125
2.1,156.35
1.5,125.7
2.6,111.775
1.8,106.0
1.6,119.65
1.5,147.975
1.5,150.225
2.2,177.175
2.4,197.45
2.9,191.075
3.1,191.7
2.8,195.9
2.8,231.35
3.1,357.4
3.0,473.375
3.7,551.675
3.0,619.45
3.2,623.5999999999999
2.3,565.05
2.7,476.275
3.6,390.925
3.5,317.225
3.5,278.9
3.2,230.6
3.2,165.25
2.8,97.1
2.1,50.25
0.9,49.9
2.9,46.125
2.6,52.525
2.7,99.675
2.9,154.85
3.4,157.6
3.5,139.125
4.3,110.35
4.8,91.6
4.5,84.95
4.9,119.7
4.9,145.4
4.5,156.7
4.1,156.8
4.1,124.525
4.3,120.375
4.8,122.875
4.6,115.525
4.1,86.55
4.2,79.375
4.0,65.725
3.6,46.25
2.5,36.2
2.5,44.85
3.2,77.675
3.7,106.65
4.0,141.325
3.5,154.75
3.1,182.975
3.5,160.375
4.5,155.4
3.8,127.075
1.8,101.275
2.7,94.55
4.1,114.175
2.5,120.525
2.8,94.225
2.0,93.65
3.0,92.0
4.4,102.8
4.7,91.8
5.2,83.575
5.6,87.14999999999999
5.4,106.025
5.6,111.8
4.8,170.0
4.4,273.275
4.0,361.575
4.8,368.975
4.9,381.125
4.6,416.225
4.0,425.375
4.0,470.65
3.6,665.125
2.3,1053.025
1.4,1128.025
0.9,1107.95
1.0,1251.475
0.7,1600.875
0.5,1966.275
0.5,2137.775
0.8,2437.825
0.6,2750.075
0.7,2845.425
1.7,2844.7
2.9,2839.975
3.9,2782.5
4.8,2638.575
5.3,2515.35
5.7,2448.575
5.6,2258.3
5.8,2030.425
5.1,1683.1
4.8,1426.45
3.1,1278.625
3.2,1247.85
3.2,1286.55
4.2,1304.45
4.2,1284.85
3.6,1349.875
3.1,1371.5500000000002
3.1,1286.075
2.6,1300.7
2.7,1479.125
2.7,1540.825
1.9,1473.275
1.5,1500.3
1.7,1484.625
1.6,1370.7
2.3,1255.2
1.8,1218.1
1.8,1177.8
1.7,1084.6
1.8,877.275
1.8,715.275
1.8,673.95
1.4,633.65
1.1,550.075
1.9,432.525
1.8,514.425
0.6,566.3
0.9,515.0
0.6,474.4
0.6,443.1
0.5,420.9
0.6,384.275
0.5,360.5
0.9,363.8
0.7,410.55
0.4,436.1
1.1,488.25
2.1,489.45
2.4,419.3
3.6,283.875
3.5,226.05
3.9,226.975
4.0,204.775
4.1,213.5
4.4,197.925
4.0,167.825
4.2,149.575
3.8,116.725
4.3,130.05
3.2,188.9
2.8,295.675
3.3,402.675
3.6,491.475
3.0,712.9749999999999
4.1,680.425
3.8,672.575
3.8,1015.325
4.2,1338.3
4.5,1510.525
4.8,1599.575
3.7,1760.475
3.5,1813.1
3.4,1806.725
3.0,1724.775
3.2,1518.4
3.1,1339.325
2.3,1073.9
2.5,792.35
1.9,653.375
0.6,594.4749999999999
1.1,689.7
1.8,759.5
1.5,787.375
1.1,816.0
0.8,953.675
0.6,1164.2
1.2,1179.675
1.8,1093.6999999999998
2.0,993.475
2.3,1047.15
2.5,1301.775
2.9,1652.55
2.7,1941.425
3.0,2021.45
3.1,1938.325
2.8,2051.725
2.4,2246.175
2.0,2373.375
3.1,2482.2
2.7,2544.9
2.3,2454.525
2.0,2418.775
2.6,2338.3
3.1,2219.2
3.7,2393.3
3.7,2645.35
3.7,2767.775
4.3,2843.1
4.7,2942.05
4.9,2980.525
4.7,2953.55
4.6,2902.125
4.6,2936.0
5.1,2937.875
4.8,2978.95
4.4,3055.625
3.2,3091.25
3.6,3005.15
3.9,2942.625
3.2,2755.8
3.7,2742.45
3.4,2706.675
3.3,2670.825
3.3,2544.775
3.8,2359.475
3.5,2209.95
4.4,2002.075
3.7,1858.125
3.3,1699.7
3.5,1568.625
3.5,1424.925
2.8,1243.975
3.1,1024.0
2.4,863.1
2.8,739.55
2.6,665.9749999999999
2.4,664.025
1.9,805.05
1.8,1135.85
2.2,1338.1
1.6,1247.5
1.4,1228.275
2.0,1128.375
2.4,1103.5749999999998
2.4,1143.3
2.3,1079.05
2.4,903.625
2.0,848.425
2.3,912.975
1.8,870.1
1.5,800.4
1.8,738.9499999999999
2.4,644.0
2.9,659.125
3.2,670.375
3.9,675.275
3.9,605.575
4.3,505.6
4.0,428.65
3.6,347.1
2.9,351.525
2.1,374.15
1.5,415.075
2.4,449.875
1.5,507.45
0.5,476.775
0.5,486.2
0.5,537.525
0.4,612.9000000000001
0.8,709.925
0.6,776.575
0.4,714.375
0.5,623.875
0.5,634.925
0.4,527.225
0.3,468.55
0.4,502.15
0.9,583.725
1.5,645.875
1.9,741.625
2.5,776.275
2.7,719.125
2.7,597.725
3.2,468.075
2.7,365.1
2.3,330.375
2.1,329.2
2.3,396.25
2.7,457.925
2.8,471.125
3.1,451.45
3.4,433.65
3.9,393.525
4.3,363.075
3.8,356.4
4.2,325.175
4.9,265.8
4.7,158.4
3.7,106.15
4.3,76.1
5.8,86.975
6.7,85.825
6.9,102.9
6.6,132.925
6.7,167.5
7.9,235.75
7.2,354.575
8.6,509.975
8.3,704.5
6.8,954.2
5.9,1394.975
4.5,1784.2
4.5,2069.875
4.6,1723.1
4.2,1889.275
4.5,2002.875
4.0,2164.2
3.8,2204.025
3.8,2232.975
4.6,2213.55
4.4,2518.95
4.8,2837.175
4.1,2907.175
4.8,2912.525
3.8,2866.925
4.5,2844.125
3.1,2931.975
4.2,2469.275
4.5,2300.6
5.4,2305.65
5.2,2381.9
5.4,2584.15
4.9,2949.325
4.3,3122.075
4.5,3139.9
2.6,3238.1
2.1,3398.6
1.9,2805.075
1.7,2545.475
2.2,2392.05
1.3,2350.65
0.7,2343.3
0.8,2323.6
0.8,2350.1
0.6,2293.375
0.7,2397.4
0.5,2401.525
0.4,2313.775
0.3,2235.7250000000004
0.6,2197.775
0.7,2231.475
0.9,2269.075
1.0,2277.85
1.3,2250.5
2.1,2193.025
2.6,2224.8
3.5,2219.25
3.1,2122.9
2.6,2076.225
2.1,2075.25
3.1,2036.975
2.8,1860.425
2.8,1775.5500000000002
3.7,1717.25
4.3,1652.375
4.6,1604.1
4.8,1511.775
5.0,1367.375
4.9,1217.325
5.0,1247.775
4.0,964.65
3.0,762.9
5.7,820.975
6.8,881.475
5.7,867.675
6.3,826.275
7.1,750.8
8.0,630.7
8.2,496.5
7.8,428.05
7.6,381.475
7.5,333.575
7.0,419.7
5.0,469.225
4.1,432.025
3.7,388.725
2.9,409.95
2.9,449.45
3.9,493.05
4.0,530.0
3.7,512.15
3.8,558.375
4.0,548.5
4.5,536.35
4.0,456.775
4.5,497.275
4.9,614.65
4.4,755.5
5.2,817.95
4.7,1014.45
5.2,1272.725
6.2,1275.4
6.1,1269.225
5.1,1126.85
4.9,992.15
5.1,1113.425
5.0,1580.35
4.7,1870.875
3.7,2036.0
3.5,2264.7
4.4,2465.175
4.5,2518.575
4.4,2537.575
4.1,2515.4
4.3,2391.025
4.6,2347.925
5.1,2070.625
5.5,1823.325
5.6,1688.625
6.2,1730.05
5.4,1752.8
5.4,1780.15
4.6,1801.75
4.2,1878.95
4.2,1939.025
4.7,1857.725
4.1,1700.425
3.6,1540.1
3.5,1377.125
3.4,1244.0
3.9,1330.35
4.5,1642.7
4.0,1609.8
5.4,1552.275
4.0,1522.15
4.3,1356.975
4.1,1310.7
4.0,1354.0
4.6,1470.15
4.6,1512.45
3.3,1412.9
2.9,1310.15
2.9,1189.35
2.6,1349.05
2.4,1557.825
2.2,1609.3
1.9,1661.3
1.8,1699.35
1.9,1715.1
3.5,1604.025
3.9,1425.35
3.0,1352.1
3.1,1256.55
2.9,1346.9
2.9,1592.0
3.3,1828.55
3.2,2085.525
3.1,2186.225
5.9,2208.925
5.9,2120.825
5.4,1952.15
6.3,1756.825
5.1,1641.55
5.4,1582.825
5.4,1481.825
5.1,1239.65
4.2,1005.9
1.4,909.825
1.9,927.575
1.8,881.025
2.0,760.425
1.8,591.2
2.9,457.8
3.6,452.625
3.3,460.25
5.0,498.55
5.3,617.1
5.2,789.475
6.0,1014.85
5.7,1278.8
5.8,1470.425
4.7,1393.075
5.1,1298.275
5.5,1268.375
5.7,1333.45
6.0,1316.175
6.0,1285.15
5.6,1145.025
5.1,937.45
4.7,676.9
4.4,507.95
3.9,518.55
3.7,649.6
3.4,802.975
3.4,893.85
3.6,1082.825
4.3,1289.975
3.6,1365.075
2.8,1265.325
1.9,1283.95
1.7,1235.425
1.8,1283.6
2.1,1466.425
2.9,1698.975
2.7,1924.175
2.6,2090.525
3.0,2033.425
2.8,1956.05
3.3,2002.425
3.0,2000.95
3.2,1913.625
4.1,1809.575
3.8,1501.075
3.6,1087.5
3.6,743.1
4.2,704.1
3.6,852.5
2.7,1081.85
2.1,1191.2
3.2,1162.85
3.7,1194.55
4.1,1131.4
4.7,935.775
4.2,741.325
4.7,607.475
4.6,570.95
3.7,701.15
4.3,973.55
4.6,1165.925
4.9,1415.25
3.8,1685.025
4.4,1899.075
5.2,2010.3
4.2,2002.0
3.6,2030.95
3.5,2034.075
2.8,2088.75
3.0,2182.225
1.7,2210.175
1.1,2194.725
1.4,2252.475
1.7,2264.3
1.2,2192.8
1.4,2159.2
2.0,1966.65
4.9,1917.725
4.1,1935.425
2.6,1885.225
2.6,1898.275
2.9,1995.25
3.1,2031.65
3.6,2159.65
3.4,2406.0
3.2,2416.975
3.6,2256.475
3.1,2180.45
3.9,2121.05
4.2,1966.4
4.3,1821.975
4.2,1587.65
4.5,1404.7
4.3,1360.9
4.0,1475.675
4.0,1566.625
4.2,1639.475
3.1,1682.4499999999998
3.1,1812.475
2.4,1855.55
2.5,1893.3
2.7,1788.6
4.3,1588.275
4.6,1289.675
4.7,1047.625
2.8,971.5
4.3,993.925
7.6,1031.85
7.9,1044.2
6.2,984.45
7.9,895.575
6.7,868.0
6.4,832.925
5.9,823.4
5.5,829.575
5.3,814.4
5.8,717.65
5.0,438.7
5.2,234.275
6.2,119.975
6.4,113.7
5.0,130.2
6.0,100.05
5.2,106.05
6.1,151.375
5.9,178.525
4.6,192.325
4.6,203.25
3.8,218.825
3.3,288.4
3.3,411.25
2.8,593.525
2.8,713.75
2.6,815.85
1.7,777.825
2.6,748.725
2.0,801.3
1.6,825.8
0.9,780.45
0.5,481.45
2.0,396.475
2.3,261.925
2.3,252.325
2.6,185.4
3.1,133.525
3.2,143.325
2.6,122.8
2.4,112.775
2.4,114.05
2.0,123.775
2.5,111.5
1.7,115.35
2.4,116.575
3.1,133.35
2.9,193.3
3.1,290.0
3.9,270.6
4.8,255.075
5.5,259.2
5.6,282.0
5.4,294.375
5.1,250.7
3.6,167.175
2.9,129.675
2.9,124.0
3.0,101.625
2.9,62.95
1.3,45.075
1.4,48.425
1.4,71.85
0.8,61.05
1.4,67.375
2.0,68.3
2.5,60.675
2.5,52.8
1.8,67.325
2.6,83.675
2.0,93.2
2.0,113.3
1.3,140.55
1.1,187.9
1.2,273.575
2.2,325.45
2.0,399.325
1.3,456.3
1.9,408.325
1.7,372.95
2.0,378.125
2.0,345.5
1.8,343.525
2.4,206.975
2.0,111.575
3.6,104.2
2.6,168.975
2.0,171.1
1.5,175.25
2.0,189.075
2.0,208.15
3.0,202.75
3.2,196.35
2.8,196.375
3.3,209.775
3.2,249.95
2.6,248.375
2.0,270.325
2.3,296.225
3.1,289.75
3.5,269.425
3.5,257.4
3.6,238.625
4.2,214.55
4.4,198.975
4.1,214.125
3.4,243.95
3.4,263.625
3.1,179.85
3.2,90.0
3.6,71.125
3.1,92.25
2.5,110.725
1.7,141.0
1.7,137.575
1.8,145.75
0.8,172.075
0.8,244.5
0.8,406.45
0.9,472.275
0.9,464.675
1.0,520.7
1.0,548.875
2.3,520.6500000000001
2.7,498.325
4.1,473.25
5.0,479.9
4.5,451.425
3.9,394.8
3.4,323.29999999999995
3.1,247.025
3.5,165.85000000000002
6.7,104.85
6.8,118.575
7.1,157.7
8.2,200.55
8.3,231.35
6.8,285.7
5.1,404.775
4.9,461.2
5.0,448.2
5.4,533.625
5.6,763.1
5.6,918.7
5.5,978.325
6.0,979.325
4.7,942.325
6.0,888.0250000000001
6.4,926.075
4.1,921.65
3.5,845.8
3.7,798.15
3.7,739.675
3.6,580.125
2.5,432.075
2.6,291.675
2.0,192.8
1.8,213.7
1.2,260.45
1.4,310.85
1.4,353.57500000000005
0.9,382.7
2.3,405.125
1.7,392.4
1.4,374.35
1.6,355.025
1.9,404.6
2.0,499.0
2.4,561.75
2.8,600.4
2.9,608.0
2.6,549.4
1.5,520.9000000000001
1.6,496.15
0.6,448.9
0.4,463.95
0.4,525.375
0.5,544.6
0.6,542.1
0.6,475.9
0.9,299.0
0.9,224.475
0.7,287.25
0.6,310.0
0.6,287.35
1.1,253.05
1.5,238.225
1.6,258.3
2.5,278.175
2.9,296.35
3.7,424.35
3.2,578.7
3.5,601.275
3.5,588.5500000000001
3.9,628.7
4.2,649.3
5.2,699.925
3.9,735.1
2.8,767.55
4.5,865.925
5.6,945.925
5.6,927.175
5.6,712.725
5.6,603.4749999999999
5.6,488.4
5.8,449.25
5.7,462.85
6.0,441.75
6.7,408.65
6.6,395.575
5.1,426.775
5.3,529.625
4.9,540.125
4.6,571.1
4.2,729.0
4.2,1038.425
4.2,1277.85
4.2,1462.0
3.7,1523.875
3.4,1487.55
3.7,1524.225
4.6,1556.925
4.9,1516.975
5.6,1535.55
4.9,1524.55
4.2,1493.575
3.3,1362.35
1.9,1162.85
1.8,996.2
7.5,1047.15
8.8,1181.375
5.0,1177.2
6.8,1114.7
4.4,1013.3
4.0,868.0
4.1,757.5
4.5,716.075
4.7,717.75
4.8,772.275
5.0,847.95
5.7,888.0
6.0,929.375
6.5,841.95
6.2,784.2
6.1,766.025
6.0,788.125
6.5,953.425
5.4,1144.0
4.9,1273.55
4.4,1325.35
4.3,1407.1
4.1,1050.425
3.7,688.025
4.3,624.925
3.9,627.575
3.4,629.775
2.9,721.325
2.6,812.025
1.9,924.425
1.9,1080.725
1.5,1234.25
1.3,1475.75
1.5,1783.075
1.6,2076.825
2.6,2216.925
2.0,2573.475
1.9,2920.35
2.3,3007.5
2.8,3179.25
2.5,3185.375
2.1,3036.175
1.0,2918.725
1.1,2451.85
0.6,2205.1
1.2,2256.35
1.4,2263.425
1.6,2161.4
1.6,2237.45
1.8,2196.35
2.8,2128.0
3.0,2185.85
2.3,2197.125
0.9,2116.95
1.0,1786.45
2.6,1440.15
5.3,1381.675
5.2,1484.925
4.4,1701.075
3.0,1903.4
3.5,2062.05
4.2,2091.5
5.0,1997.0
4.6,1873.9
3.6,1613.65
4.4,1259.5
3.8,954.05
2.4,717.925
2.2,532.075
2.8,340.525
2.5,258.325
2.4,269.725
2.0,269.425
2.3,266.425
2.3,262.6
2.4,256.025
2.6,249.575
2.2,221.975
2.9,288.1
3.3,391.425
3.7,504.175
4.2,664.6
5.0,848.475
4.8,952.425
4.4,991.325
4.9,984.05
5.6,927.425
5.6,1043.3
5.7,1293.5
5.9,1423.525
5.2,1431.75
4.3,1409.425
5.3,1196.425
5.1,1039.95
4.4,828.025
4.6,678.3
4.8,701.125
4.3,740.275
4.1,795.975
4.0,841.925
4.2,897.325
3.8,939.525
3.5,1101.05
3.8,1255.35
4.3,1267.275
5.9,1334.7
5.7,1353.025
4.2,1329.625
5.0,1316.8
6.1,1274.9250000000002
5.9,1218.875
6.2,1261.825
5.7,1314.8249999999998
5.1,1315.6999999999998
4.1,1262.025
3.4,1118.85
3.5,899.5
3.5,778.325
3.2,712.675
2.9,685.85
2.9,666.475
3.0,681.075
2.3,654.35
1.7,621.075
2.1,633.2
1.7,615.8
1.7,601.75
2.7,687.925
2.6,805.725
2.8,838.8
3.8,974.875
4.2,1084.45
3.4,1086.0
3.3,1114.475
4.2,1056.05
4.6,1089.275
3.4,1027.25
2.5,947.425
2.3,822.65
2.4,697.125
2.2,500.45
2.3,388.8
2.0,213.375
1.9,118.8
2.3,83.725
2.5,76.975
2.8,101.85
2.9,141.875
2.9,174.675
3.3,232.725
3.4,271.225
3.1,365.675
2.9,488.75
3.0,627.925
3.5,786.975
3.2,904.725
3.0,911.55
2.8,1073.35
3.2,1119.375
3.1,1203.25
3.2,1292.9
2.5,1245.775
1.6,1320.425
1.5,1253.275
1.2,1059.85
1.4,1021.95
1.4,940.875
1.3,790.2
1.2,708.975
0.9,719.4
0.6,668.975
1.0,628.575
1.6,640.125
1.4,617.45
1.1,616.875
1.3,658.3
1.1,778.05
0.9,1005.425
1.4,1483.925
1.4,1925.025
1.6,2139.5
1.4,2444.4
1.1,2045.75
1.7,1907.925
1.8,2071.275
1.4,2192.425
1.1,2291.775
1.7,2512.125
2.0,2922.65
3.0,3301.425
1.8,3251.1
1.4,2916.575
0.6,2531.925
1.4,2227.875
2.2,2077.125
2.5,2039.625
3.0,2009.575
3.8,1862.8
3.2,1883.475
3.3,2098.7250000000004
2.2,2552.725
2.4,3245.275
3.0,3695.175
2.5,3571.25
2.8,3274.625
3.1,3280.35
3.4,3039.55
2.5,2831.0
2.5,2684.75
2.8,2394.95
2.8,2420.3
3.0,2428.9
2.8,2143.5
2.7,1693.125
1.9,1394.75
2.1,1238.475
2.7,1118.275
3.0,1080.45
2.9,968.55
3.6,928.65
3.8,1008.275
3.9,1236.5
4.4,1524.65
4.0,1587.825
4.2,1777.6
3.3,2239.65
3.3,2935.825
3.1,3460.1
3.7,3832.025
3.0,3263.8
3.4,2938.675
3.3,2810.225
3.8,2810.975
3.5,2857.45
2.0,2858.4
2.7,2889.425
2.7,3267.575
2.1,3291.725
2.4,3119.175
2.7,2879.575
2.9,2747.875
2.7,2502.75
3.5,2246.375
3.8,1968.525
3.0,1778.825
2.6,1534.125
2.2,1162.075
2.4,894.525
2.6,923.825
3.0,1168.8
3.7,1569.0
4.2,1874.275
4.4,1928.075
5.0,1611.5500000000002
5.2,1347.825
5.2,1294.9
4.8,1288.075
4.0,1240.85
3.7,1231.4
3.0,1386.65
3.8,1518.125
3.8,1848.775
3.6,1492.825
2.7,1029.95
2.3,929.525
2.3,1208.025
1.9,1461.75
2.4,1744.0
3.2,1984.7
3.6,2120.975
3.0,1977.125
3.2,1875.625
3.3,1938.95
4.7,1992.4
4.5,1976.5
4.6,1791.1
4.8,1485.925
4.8,1215.5
4.4,982.125
3.3,673.4
3.5,410.0
2.5,301.95
2.7,241.35
3.3,217.45
3.9,184.375
3.0,142.5
2.5,110.2
2.3,92.675
3.0,89.2
2.7,89.025
2.6,92.425
2.5,120.725
2.4,128.875
2.9,162.4
2.8,212.875
2.6,250.175
2.7,410.9
2.7,725.95
3.1,1084.7
3.1,1454.0
3.8,1757.15
3.5,1932.6
3.1,2082.95
3.0,2418.375
2.5,2609.125
2.2,2455.4
2.0,2499.65
2.4,2473.425
2.5,2535.325
2.2,2694.625
2.1,2200.5
1.9,1356.4
0.7,1151.05
1.3,1229.4
1.3,1460.1999999999998
1.1,1583.85
0.3,1622.1
0.6,1720.75
0.6,1845.45
0.5,1980.875
0.5,2145.15
0.3,2492.2250000000004
0.4,2954.4
0.5,3444.575
1.8,3315.425
3.0,2830.725
2.4,2741.65
2.1,2823.55
1.7,2818.3
2.0,2725.85
1.5,2687.65
1.1,2633.675
0.7,2602.925
0.9,2647.225
0.6,2881.4
0.9,2855.175
1.0,2708.125
1.0,2452.05
1.2,2311.725
2.0,2158.2
2.2,1918.775
1.0,1600.85
0.8,1268.85
1.5,1085.225
1.8,1024.775
1.8,1046.25
1.8,964.775
2.9,888.175
2.6,830.05
2.2,667.125
2.4,503.375
2.9,420.9
2.7,452.8
2.0,347.6
1.9,219.325
2.0,173.05
2.8,170.4
2.5,133.8
2.3,99.45
2.5,98.075
1.9,76.4
2.0,85.525
3.0,124.925
2.7,184.25
2.5,311.3
3.7,459.5
4.4,682.3000000000001
5.0,1008.325
6.4,1707.6
7.3,2457.575
7.7,3190.65
7.5,3721.75
6.7,3233.8
6.8,2731.0
6.8,2626.925
6.9,2496.6
6.6,2478.125
6.8,2524.375
6.8,2570.575
6.4,2900.05
5.8,3161.525
6.8,3150.5
6.9,3106.05
7.5,3034.55
7.2,2807.225
7.1,2781.55
7.2,2742.875
8.0,2717.9
7.6,2727.225
6.4,2644.525
6.7,2362.35
5.8,2189.325
5.5,2124.8500000000004
5.0,2105.975
4.8,2174.35
4.4,2155.275
3.9,1924.65
3.6,1707.725
2.7,1524.975
2.1,1333.125
1.1,1171.9
1.1,995.65
2.7,912.4
3.9,852.325
5.0,894.675
4.4,782.45
3.5,581.525
2.9,432.875
3.6,319.925
3.5,285.45
4.3,231.2
4.3,230.15
4.0,274.225
4.4,320.15
4.5,403.625
3.3,518.625
3.5,631.3
3.1,662.55
3.2,653.4
3.2,706.95
2.2,775.75
2.4,776.175
2.4,802.175
2.3,881.4
1.6,1003.0
1.9,1253.3000000000002
1.8,1661.225
0.7,1948.875
0.9,2000.4
1.0,1854.4
2.4,1634.65
1.2,1217.2
1.2,863.2750000000001
1.4,867.625
1.5,938.05
1.4,978.65
1.6,981.725
2.4,929.75
2.9,900.425
3.8,847.875
5.0,878.175
5.0,907.675
4.9,889.2
4.0,843.35
4.5,675.0
4.8,458.875
5.3,301.85
6.3,191.85
5.9,107.25
5.4,86.75
5.0,78.6
5.0,75.075
5.0,88.75
5.3,111.275
5.1,111.275
5.5,77.725
5.4,75.9
5.6,107.7
5.6,200.8
5.3,371.85
4.9,543.825
5.3,683.8
5.1,886.725
5.3,1196.575
5.4,1631.45
5.6,2097.6
5.8,2513.85
5.0,2882.0
5.5,3001.4
6.1,2909.55
6.5,2654.875
6.5,2429.7
6.1,2252.225
5.6,2031.9
5.7,1987.725
6.5,1995.2
7.4,1850.025
6.5,1819.2
6.2,1584.225
7.0,1430.675
4.5,1507.475
4.6,1611.975
4.2,1676.225
4.1,1755.5
3.5,1766.55
2.2,1911.175
2.5,2047.225
2.3,1985.525
2.7,1880.25
2.6,1793.475
2.1,1719.85
1.9,1715.3
2.1,1662.3
2.1,1551.25
2.2,1457.725
1.7,1359.0
1.9,1296.525
2.3,1199.5
2.6,1072.375
1.6,1033.975
1.8,1056.275
1.9,1184.725
1.8,1486.325
2.6,1687.475
3.0,1641.975
3.0,2065.2
3.3,2450.85
3.7,2820.1
4.0,3120.9
3.7,3330.3
3.0,3536.95
2.6,3467.75
3.0,3329.925
3.0,3344.775
2.1,3254.3
1.8,2927.075
1.4,2518.3
1.4,2062.5
1.3,1720.3
1.1,1438.35
1.2,1107.05
0.6,781.6
0.6,594.675
0.5,490.675
0.7,369.425
0.8,444.25
0.9,725.725
1.1,666.825
1.2,562.05
1.4,539.275
1.5,652.475
1.9,822.75
2.0,956.775
2.2,1027.0
2.3,1140.0
3.2,1425.075
3.5,1942.05
3.6,2570.4
3.7,3099.7250000000004
3.2,3455.0
2.8,3731.775
2.4,3297.175
2.3,3227.8
2.4,3082.425
2.1,2842.55
2.5,2697.0750000000003
2.2,2625.025
2.3,2661.175
2.4,2931.25
2.0,3156.2
2.0,2901.625
2.5,2636.3500000000004
3.0,2737.325
2.9,2964.15
2.5,2549.525
2.1,2380.875
2.3,2297.0
2.5,2377.175
2.5,2628.775
2.5,3207.525
2.6,3774.975
2.7,4006.85
2.5,3870.65
2.2,3564.775
1.5,3360.875
1.2,3030.9
1.6,2856.3
1.3,2811.775
1.3,2801.625
1.3,2789.4
0.9,2728.45
0.8,2747.35
1.6,3175.875
1.1,3798.3
1.7,3942.2
1.0,3864.35
0.8,3772.075
1.2,3664.925
1.3,3156.875
1.7,3046.775
1.3,3076.775
1.4,3251.35
1.5,3200.8250000000003
1.7,2906.4
1.7,2438.35
1.4,2006.675
2.4,1807.725
2.1,1607.8
2.5,1568.4
2.0,1443.85
2.5,1409.05
2.1,1516.475
2.1,1528.925
2.1,1473.7
2.6,1777.475
2.7,2136.425
2.5,2495.775
2.6,2606.575
3.1,2627.9
4.5,2582.6
4.4,2496.45
4.8,2520.05
4.4,2531.275
4.2,2475.575
4.0,2392.875
3.9,2354.325
4.1,2544.6
4.3,2950.675
4.4,3405.75
3.9,3733.9
4.0,3924.625
3.7,3996.35
3.3,3444.7
3.2,3176.8
3.4,2838.0
3.0,2773.225
2.7,2744.25
2.2,2877.05
1.4,2934.5
1.7,3106.775
1.5,3395.3
0.7,3776.95
1.5,3651.975
0.7,3133.25
1.0,2938.275
1.7,3032.625
1.6,3226.025
2.0,3335.775
2.0,3424.95
2.5,3466.175
3.1,3549.6
2.7,3646.4
2.9,3862.275
2.7,4062.3
3.3,4229.2
3.8,4334.075
3.9,4114.35
4.6,3418.95
4.5,3314.25
3.9,3378.775
4.2,3350.275
4.1,3367.7
3.8,3795.375
3.8,3880.1
4.1,3872.925
4.2,3864.775
4.2,3767.775
4.6,3559.9750000000004
4.5,3481.775
4.6,3390.25
4.9,3313.875
5.0,3093.825
4.6,2893.175
4.5,2859.65
4.7,2932.525
5.0,2870.0
5.1,2773.925
5.5,2851.3
5.0,2923.575
4.5,2952.775
4.4,2779.525
4.4,2491.5
4.1,2255.45
3.6,1966.8
3.6,1727.475
3.5,1589.275
3.6,1496.25
3.6,1429.375
3.5,1372.85
3.3,1275.9
3.3,1165.55
3.4,1097.15
4.2,1137.525
3.9,1145.225
3.9,927.6
4.0,717.9
4.1,589.825
3.5,674.1
4.0,707.5
3.0,717.5749999999999
3.6,787.725
3.5,915.625
3.4,1125.025
3.2,1386.05
3.6,1522.025
3.0,1651.775
4.3,1794.925
3.3,1491.3249999999998
3.7,1317.025
3.6,1476.425
3.2,1825.4
3.0,2128.35
3.2,2647.3
3.2,3198.0
2.7,3342.475
2.8,3228.95
2.3,3150.9
2.4,3186.15
2.6,3357.775
2.1,3609.1
2.1,3723.325
2.3,3839.15
2.4,3933.625
2.3,4031.95
2.9,4201.65
2.3,4368.7
2.0,3740.4
1.7,3415.1
2.7,3144.05
2.6,3062.35
2.7,2827.55
2.7,2700.475
2.7,2594.925
3.0,2498.275
3.0,2552.25
3.2,2548.45
2.9,2916.35
2.9,3193.4
2.7,3247.7
3.2,3164.375
2.5,2958.35
2.7,2784.625
3.2,2629.05
3.4,2469.775
2.9,2343.85
2.8,2213.75
2.5,2287.675
2.4,2440.475
2.2,2602.15
2.5,2807.65
2.6,3006.45
2.4,2977.05
2.0,2966.55
2.3,2388.225
2.2,2338.95
2.6,2197.0
2.9,1961.35
2.7,1857.15
3.2,1773.175
3.2,1776.875
3.4,1808.125
3.4,1949.475
2.9,1887.825
2.5,1600.175
3.1,1693.625
3.0,1826.225
3.1,1951.5
2.3,1770.2
2.6,1777.125
1.5,1949.775
1.7,2371.55
2.3,2764.225
2.3,2999.75
1.9,3241.8
3.0,3356.775
3.0,3293.225
2.8,3206.575
2.5,3023.775
2.5,2920.475
1.5,2704.175
1.7,2298.9
1.5,2004.8
1.2,1762.85
1.2,1462.7
1.3,1325.9
0.9,1216.625
0.8,1013.775
1.3,798.75
1.4,567.925
1.1,383.475
1.7,303.5
1.5,248.325
1.5,260.275
1.4,278.55
1.3,330.625
1.3,480.65
2.3,933.075
2.1,1506.95
1.7,1956.9
1.3,2484.5
1.4,2838.8
2.0,2499.55
2.2,2515.3250000000003
2.1,2694.725
2.1,2789.2
2.5,2816.8
3.7,3118.75
3.0,3182.375
2.8,3074.3
3.5,2936.0
3.3,2902.2
3.5,2768.4
3.7,2702.025
3.5,2817.95
3.5,2613.875
2.6,2435.225
2.2,2380.225
2.5,2298.575
3.0,2203.55
2.3,2392.4
2.2,2635.175
2.4,2825.5
2.3,2987.75
2.3,2967.3
1.8,2910.9
1.6,2828.2
1.8,2343.65
1.5,2253.6000000000004
1.8,2178.925
1.9,2088.2
1.4,2159.0
2.4,1880.65
2.4,1660.0749999999998
1.7,1363.85
1.1,1198.0
1.4,1026.25
1.6,931.175
1.4,935.65
0.7,874.25
0.5,943.7
0.5,1120.95
0.8,1118.15
0.9,1129.85
1.3,1215.45
1.6,1368.775
2.4,1527.5
1.6,1781.675
2.0,2055.9750000000004
1.4,2069.25
1.0,2166.825
1.0,1779.675
1.5,1812.85
1.9,2011.35
2.4,2133.075
1.7,2255.8
1.9,2372.75
1.2,2492.125
1.0,2527.85
0.7,2401.425
0.8,2397.2
0.8,2722.275
0.5,2732.575
1.2,2386.75
1.1,1894.7
0.8,1731.825
1.4,1855.25
1.2,1756.575
2.1,1540.05
1.5,1328.0
2.4,1139.7
2.1,975.0
1.0,887.7
1.3,832.375
1.7,825.725
1.1,862.7
1.4,922.825
1.5,961.15
0.8,933.3
1.3,856.925
1.4,773.85
1.7,653.125
1.9,478.275
1.8,311.85
2.0,169.22500000000002
2.5,110.1
2.2,75.475
3.9,79.8
3.6,87.175
4.5,139.4
3.4,157.475
3.1,204.75
3.0,341.225
3.2,487.3250000000001
2.6,686.825
2.6,836.425
2.8,972.85
2.1,1019.925
1.7,1024.85
1.9,966.05
2.0,833.8
2.2,699.65
2.2,620.5
2.3,563.775
2.5,574.55
2.6,582.875
0.9,564.25
0.8,531.025
0.8,438.4
1.4,363.325
1.4,343.225
2.2,362.75
2.0,422.2
2.1,428.925
3.1,376.8
3.4,355.7
4.0,410.925
4.5,524.6
4.3,679.55
4.3,786.1
5.3,797.125
5.8,640.6
5.4,560.625
6.7,442.025
7.0,351.35
7.7,305.825
7.3,312.075
7.0,320.525
6.4,290.3
6.3,293.625
5.5,335.325
4.6,398.65
4.5,445.4
4.3,530.175
2.8,600.075
3.0,678.4
2.9,794.15
4.4,925.7
3.8,1089.975
2.6,1171.075
3.1,1212.675
3.1,1420.125
2.5,1690.9499999999998
2.8,1971.525
2.7,2113.225
2.9,2126.775
3.2,1584.625
1.9,1824.825
1.2,1986.575
1.4,1970.7
0.7,1950.0
1.0,1889.75
1.6,2075.0
1.6,2087.15
1.6,1773.225
1.0,1267.875
1.5,999.025
1.4,843.15
1.8,903.45
2.1,1011.375
1.6,1060.075
1.7,1117.175
4.4,1316.75
4.3,1614.375
4.1,1855.625
5.1,2244.675
5.1,2633.025
5.2,2901.9
4.6,2981.8
4.2,3084.9
4.4,3051.075
4.3,2962.775
2.7,2858.875
2.7,2666.8
2.5,2429.6
3.1,2084.3
2.9,1719.125
2.5,1349.375
2.8,1018.7
2.5,780.575
2.2,695.75
1.4,833.6999999999999
1.9,959.7
1.3,1253.025
0.4,1593.05
0.6,1674.525
0.4,1653.35
0.5,1800.2
0.7,2241.525
0.4,2703.3
1.0,3086.5
1.1,3219.075
0.3,3116.75
0.3,2568.575
0.4,2159.925
0.5,1799.475
0.4,1699.0
0.4,1586.1
0.4,1550.45
0.3,1622.375
0.4,1687.55
0.5,1766.75
1.2,1887.275
1.7,2050.75
1.6,2347.925
1.8,2496.85
1.5,2533.975
2.0,2797.025
2.4,2968.4
2.2,2947.625
1.9,3018.3
2.7,3610.775
2.3,4072.6
2.4,4284.9
2.5,4406.049999999999
2.6,4436.9
3.4,3730.425
3.2,3125.3
2.4,2869.7
2.4,2657.375
2.3,2430.55
2.4,2321.2250000000004
2.3,2400.25
3.0,2636.25
3.6,2834.275
3.4,2904.25
2.9,2997.825
2.4,3292.025
3.2,3122.475
3.1,2885.3
4.6,2693.925
4.7,2680.15
3.3,2670.725
4.5,2565.9
5.1,2368.4
4.7,2205.6000000000004
5.2,1939.65
6.3,1816.4
6.6,1691.125
6.5,1448.875
6.7,1308.4
6.6,1163.95
6.6,952.025
6.6,899.6500000000001
6.0,888.1
5.8,908.025
5.1,887.875
4.4,806.425
4.9,729.85
5.1,657.975
5.8,617.975
5.4,628.0
6.2,556.825
5.9,462.9500000000001
5.9,406.975
6.6,350.65
6.7,331.125
6.9,333.55
6.7,340.425
6.6,393.35
7.0,489.65
6.9,566.15
5.0,634.475
4.7,607.525
5.3,451.55
5.0,348.2
5.3,280.275
4.9,316.8
3.7,439.725
4.6,637.575
4.6,834.1
4.6,916.95
4.3,971.65
3.9,1001.2
3.5,1049.975
3.2,1033.55
2.5,990.75
2.3,928.45
2.3,801.725
2.2,701.925
2.0,724.975
1.9,850.175
2.0,1145.2
2.0,1509.225
2.4,1788.125
2.8,2166.75
2.7,2435.8
2.8,2717.1
3.4,2857.0
4.0,2237.075
5.2,2158.3500000000004
6.6,2331.475
4.2,2571.05
3.0,2594.075
3.8,2644.45
4.4,2811.975
4.9,2927.575
5.3,3168.725
5.3,3950.75
5.7,4080.925
5.7,3722.475
5.6,3364.75
5.7,2873.575
5.9,2618.775
4.9,2098.625
4.3,1917.875
5.0,2181.575
4.4,2599.425
4.9,2813.25
4.3,3086.7
4.5,3560.825
4.0,3336.4
4.2,3302.825
4.7,3257.075
4.7,3129.475
4.9,3151.65
4.6,2980.275
4.4,2852.8
3.7,2786.025
3.8,2706.7250000000004
3.9,2797.525
4.2,2929.575
4.3,3079.325
3.4,3751.475
4.2,4052.9
3.6,3687.075
3.9,3477.275
3.1,3355.75
3.0,3459.475
2.6,3457.15
3.2,3443.975
3.5,3474.925
3.5,3554.25
3.3,3992.7
2.6,4181.3
2.4,4041.025
2.5,3708.775
2.3,3481.675
2.4,3410.575
1.8,3265.5
1.8,3107.3
1.3,2985.5
1.4,2876.275
1.2,3292.2
2.1,3085.125
2.5,2545.475
2.7,2022.175
2.6,1595.3
2.2,1221.05
1.8,955.6
1.8,776.825
2.7,734.625
2.5,704.125
1.8,676.475
1.7,624.325
1.2,712.825
0.6,1094.75
0.5,1528.0
0.7,2075.075
0.4,2523.45
0.3,2474.0
0.5,2183.65
0.5,2307.15
0.4,2644.85
0.2,2726.4
0.3,2908.45
0.2,2986.2
0.5,3086.675
0.4,3188.2
0.5,3266.45
0.8,3371.375
0.8,3364.025
0.9,3299.725
0.5,3372.0
0.5,3302.3
0.5,3066.725
0.7,2918.15
0.4,2848.2
0.5,3012.4
0.5,3018.525
0.8,3921.525
0.6,4069.325
1.2,4236.15
1.0,3492.05
1.2,3352.175
0.6,3038.475
0.6,2733.7
0.4,2615.25
0.7,2340.65
0.6,2138.875
0.5,1973.025
0.4,1884.0
0.6,1809.75
0.3,1825.1
0.5,1746.2
0.5,2185.4
0.2,2495.2
0.3,2665.325
0.4,2777.35
0.4,2844.575
0.5,2966.925
0.3,3105.175
0.5,3198.05
0.4,3351.45
0.4,3682.575
0.4,4399.7
0.5,4041.125
0.7,3744.375
1.0,3487.125
1.0,3391.25
0.9,3252.65
1.1,3163.875
1.1,3209.1
0.9,3191.925
1.3,3112.8
1.3,3091.375
1.4,3160.95
1.3,3888.375
1.9,4347.9
2.5,4399.925
1.9,4252.95
2.8,4092.275
3.2,3985.5
2.2,3712.175
3.1,3458.0
2.9,3258.75
2.8,3236.575
2.4,3239.875
1.9,3303.925
0.7,3308.225
0.9,3289.85
0.9,3215.65
0.9,3104.425
0.8,2978.9
0.7,2779.275
1.9,2671.775
1.7,2560.025
1.6,2329.325
1.8,2091.45
2.1,1909.375
2.2,1757.7
2.3,1517.25
2.4,1372.275
2.2,1166.55
2.5,862.175
3.0,637.05
3.1,509.8
3.7,426.175
3.3,377.9
3.6,377.175
3.2,377.025
2.6,481.725
2.8,709.075
2.4,968.775
1.7,1185.525
1.9,1312.55
2.4,1440.475
2.3,1656.975
3.0,1718.375
3.2,1849.15
3.1,1878.875
2.9,1970.775
2.5,2115.475
3.3,2267.25
3.3,2394.45
3.1,2547.275
3.6,2521.025
3.8,2284.75
3.8,1974.325
3.5,1803.375
3.5,1658.175
3.6,1587.15
3.9,1726.925
4.3,1868.4
4.2,2046.8
4.4,2121.7
4.1,2345.75
4.2,2563.85
4.1,2901.15
3.5,2831.975
4.0,2475.625
4.2,2229.15
3.5,2311.7
3.2,2432.4
3.2,2479.8
3.8,2549.725
4.0,2743.6
4.0,2930.525
4.2,3013.925
4.1,2991.625
3.8,2993.1
4.3,2897.775
4.3,2268.325
3.7,1769.125
3.8,1451.05
4.8,1263.85
4.0,1266.35
5.1,1319.625
5.1,1481.625
5.0,1832.4
4.8,2352.025
4.8,2909.775
4.4,3133.975
4.0,3062.55
3.7,2732.4
3.8,2530.85
3.9,2325.6
3.8,2093.0
3.9,1876.425
3.6,1725.05
3.4,1600.725
3.1,1533.525
3.4,1475.75
3.2,1440.85
3.0,1390.575
3.3,1341.325
4.2,1096.075
3.6,933.9
3.6,710.7
4.2,583.775
3.9,641.5
3.3,693.3
3.2,731.775
3.3,830.15
3.6,1049.525
3.8,1301.5
3.9,1408.925
3.8,1354.45
4.0,1215.575
3.7,1285.025
3.4,1271.85
3.3,1240.475
3.5,1332.65
3.6,1383.25
3.2,1565.225
3.3,1568.2
3.1,1558.5
2.6,1599.0
2.7,1433.35
2.8,1479.05
2.4,1523.475
2.1,1358.225
1.8,1008.75
1.8,586.15
1.8,367.25
2.2,326.75
2.3,336.475
3.1,481.15
2.4,763.375
2.0,965.675
2.4,1071.4
2.6,1261.65
3.0,1371.175
2.9,1353.85
2.9,1304.5
3.5,1271.3
3.6,1260.0
3.7,1285.275
3.7,1288.95
3.8,1332.55
3.9,1419.575
3.8,1424.1
4.4,1457.95
4.0,1399.1
4.0,1269.625
3.9,1070.1999999999998
3.8,791.125
3.8,540.75
3.6,341.55
4.3,243.525
4.4,193.9
3.7,237.75
3.8,304.0
3.6,311.425
4.4,268.2
5.4,213.025
5.0,150.225
4.5,140.7
4.4,144.625
4.6,146.95
4.4,168.10000000000002
4.6,185.825
4.3,218.85
3.8,252.25
4.2,278.55
3.8,307.8
4.1,384.0
4.4,447.975
4.4,497.625
4.3,537.075
4.3,451.475
4.2,313.45000000000005
4.1,264.575
4.2,315.875
3.8,435.45
3.6,646.45
3.5,843.9
3.4,1039.125
4.0,1243.3
4.0,1389.45
3.0,1504.8
2.8,1436.925
3.1,1228.475
3.2,1004.95
3.2,834.125
2.8,715.05
2.6,599.9
2.6,523.95
2.8,485.075
2.7,458.6
2.4,460.8
2.6,444.8
2.8,383.15
2.8,274.225
3.0,208.825
2.5,157.175
2.5,132.475
2.3,95.75
2.4,113.375
2.6,154.775
2.1,237.325
1.9,285.0
2.1,314.725
1.7,278.275
1.8,219.55
2.0,216.6
1.8,231.65
1.9,248.65
1.9,280.1
1.8,315.425
1.9,333.55
2.2,349.825
2.0,382.5
2.0,398.3
1.4,490.5750000000001
1.2,612.025
1.0,714.9
1.0,804.625
1.4,727.8
1.6,566.275
1.1,459.125
1.0,430.975
0.8,451.35
0.5,611.975
0.5,917.075
0.7,1211.925
0.4,1535.675
0.3,1745.5
0.5,1807.4
0.4,1991.4
0.6,2057.875
0.5,2195.325
0.5,2331.3
0.8,2431.95
0.9,2512.4
0.8,2605.05
0.8,2725.275
1.0,2814.45
1.5,2738.4
1.3,3007.85
1.3,3182.15
1.7,2798.0
1.4,2175.75
2.1,1614.875
3.5,1297.65
2.6,1121.8249999999998
1.3,1107.15
2.3,1306.775
1.6,1553.7
2.2,1700.5
1.8,1715.975
1.5,1674.8
1.5,1584.925
1.6,1542.95
1.9,1431.3000000000002
1.8,1374.075
2.1,1379.0
2.4,1414.95
3.5,1407.175
3.6,1357.6750000000002
3.6,1269.125
3.1,1163.7
2.9,1139.775
3.4,1051.1
3.3,893.525
3.7,755.35
4.1,704.875
4.4,579.525
4.3,461.625
5.1,411.9
5.8,430.6
6.8,532.2
6.7,644.6
7.4,623.25
7.1,562.0
6.8,530.525
6.9,515.425
7.0,482.4
4.9,496.975
5.4,439.125
6.3,460.7
5.0,486.1
4.7,519.825
4.7,552.9
5.3,570.075
5.6,561.15
6.1,558.25
6.1,501.4
6.3,367.4
6.1,382.6
3.7,287.65
3.0,196.5
3.5,143.525
3.8,130.6
3.7,135.35
4.0,160.075
4.2,207.1
4.6,231.3
5.1,196.925
5.2,177.5
5.9,191.525
4.6,244.125
3.9,337.125
4.3,418.75
4.3,563.95
4.9,622.65
5.8,638.7
4.4,780.475
4.0,1000.975
4.2,1218.05
2.8,1336.375
4.5,1463.7
3.7,1669.475
2.5,1533.025
2.7,1314.3
4.0,1177.925
3.6,1085.55
2.9,1018.55
4.1,1115.15
4.0,1261.55
3.6,1398.05
3.5,1528.1
4.5,1633.25
6.5,1544.525
7.4,1446.6
6.8,1267.05
7.3,1090.45
8.1,941.55
8.9,875.75
8.1,796.5
7.5,670.275
8.6,540.55
7.7,469.15
7.5,474.1
9.2,467.775
9.4,475.475
10.3,466.65
10.0,384.525
9.4,275.475
9.4,232.7
9.5,195.05
9.7,204.65
8.7,277.525
8.3,421.525
7.5,534.9000000000001
7.0,596.4749999999999
6.5,650.175
6.1,679.9
5.1,666.45
5.1,610.325
5.7,651.9
5.4,774.25
4.7,908.225
4.1,1016.3
3.0,1139.3
1.5,1269.225
2.2,1323.65
1.3,1408.025
0.6,1545.625
0.5,1760.075
0.7,1906.375
1.0,1922.5
0.7,1908.425
0.6,1848.075
1.0,1827.3
1.4,1945.775
1.6,2160.4
1.4,2444.925
1.2,2804.05
1.4,3238.075
1.6,3731.525
2.0,4093.2
3.0,4065.325
3.2,3874.1
3.5,4146.35
3.5,4451.025
4.3,4644.275
3.5,4694.975
2.9,4565.525
4.5,4366.475
4.6,4314.725
4.5,4415.65
4.3,4551.025
4.3,4582.8
4.6,4493.8
4.0,4360.1
4.3,4287.025
4.2,4257.525
4.7,4215.75
5.8,4136.4
6.3,4106.9
7.1,4118.075
7.3,4038.65
8.2,3897.775
8.0,3670.125
8.0,3473.125
8.1,3279.825
7.7,3153.525
7.7,3007.05
7.3,2827.675
7.4,2606.475
7.0,2447.1
7.1,2362.225
7.4,2273.375
7.5,2211.425
6.7,2157.05
6.5,2091.25
5.4,2051.475
5.2,1876.95
5.0,1630.375
5.4,1398.075
4.9,1186.85
4.1,934.525
4.4,826.975
4.9,884.275
4.9,980.95
4.2,1132.475
4.4,1193.775
3.4,1139.775
3.1,1120.625
2.4,989.525
2.1,993.225
2.1,1128.75
2.5,1125.05
2.6,977.475
2.6,1077.075
2.3,1115.3
2.5,1151.225
2.5,1371.875
2.3,1691.7
2.2,1998.225
2.3,2164.4
2.1,2263.75
1.9,2129.275
1.8,2080.15
1.6,2126.975
1.7,2212.575
1.5,2336.2
1.2,2471.4
1.5,2650.775
1.6,2917.175
1.6,3091.6
1.3,3087.8
1.5,3214.175
1.0,3387.875
1.9,3574.225
1.7,3531.85
1.6,3642.55
1.1,3843.475
1.5,3947.65
1.7,4096.75
1.9,4330.65
1.6,4544.5
1.9,4679.75
1.1,4783.975
0.8,4882.9
1.4,4684.55
1.3,4608.4
1.2,4699.35
1.7,4853.45
1.5,4956.225
1.0,5006.775
1.3,5253.825
1.4,5367.225
1.4,5392.675
1.6,5396.125
1.4,5368.85
1.2,5324.174999999999
1.4,5326.175
1.3,5293.975
1.4,5297.1
1.5,5369.875
1.9,4651.475
1.7,4355.25
1.5,4305.7
1.1,4380.075000000001
1.4,4299.275
1.0,4642.450000000001
0.8,4618.025
0.6,4495.474999999999
0.6,4170.55
0.9,3857.65
1.1,3544.525
0.9,3242.2
1.4,2795.9
1.2,2348.725
0.8,1979.175
1.1,1766.175
0.8,1663.475
0.5,1651.95
0.3,1649.625
0.8,1564.65
0.6,1420.5
0.6,1362.925
0.5,1299.625
1.4,1243.55
2.1,1255.45
0.9,1188.45
1.0,1147.35
1.5,1197.775
1.8,1170.525
2.0,944.375
2.8,840.2
2.7,895.0
3.0,864.65
2.9,785.3
2.9,694.1750000000001
2.3,633.775
1.6,568.65
2.0,561.6
2.3,570.9749999999999
1.3,597.65
1.4,647.525
1.1,745.225
1.2,815.225
1.1,807.85
1.7,814.55
1.6,764.65
1.7,614.125
1.5,461.75
2.4,433.9
1.0,402.65
3.0,408.675
2.9,394.45
2.8,383.0
3.2,414.55
2.6,431.8
1.2,407.625
1.9,401.65
1.6,376.625
1.4,347.1
1.3,317.2
1.4,288.05
3.1,345.875
1.6,411.875
0.9,488.0750000000001
1.3,557.925
1.5,579.075
1.2,587.575
2.6,620.325
2.6,668.35
2.2,718.5
2.2,723.325
1.8,765.225
1.6,895.325
2.0,941.9
2.2,917.55
3.1,900.975
3.4,915.4
3.3,930.75
3.2,955.75
3.7,978.925
3.2,936.5
3.6,877.175
4.2,861.4250000000001
4.1,838.375
3.8,837.575
3.9,854.425
3.7,926.5
3.3,998.2
3.6,1079.525
3.5,1068.0
4.0,1014.45
4.6,949.475
4.5,930.475
5.1,935.1
5.1,931.1
4.6,902.75
4.9,893.3
5.2,879.85
5.6,831.275
5.1,769.775
4.7,746.3
4.8,757.825
5.0,787.825
4.9,778.475
5.6,707.45
5.1,620.65
5.0,508.825
5.1,440.15
4.6,389.35
5.0,393.875
5.6,447.0
6.1,455.925
6.4,447.35
5.9,437.925
6.5,471.775
6.0,568.85
5.5,620.525
4.9,664.3
5.4,750.775
5.3,801.15
5.2,890.875
5.5,1016.45
5.1,1064.2
4.7,1049.625
4.6,1064.4
5.5,1095.275
4.7,1184.675
4.1,1303.525
3.1,1305.725
2.3,1239.3249999999998
3.1,1216.875
3.3,1217.45
2.4,1264.85
1.6,1298.65
2.0,1418.825
1.7,1450.1
1.8,1529.5500000000002
1.6,1621.275
1.4,1611.35
1.4,1662.575
1.2,1682.125
1.2,1819.675
1.4,1694.075
1.7,1807.325
1.8,1898.325
1.6,1904.725
1.4,2093.25
1.3,2196.725
0.8,2314.1
0.9,2237.5
1.1,2326.475
1.7,2440.925
1.6,1668.675
1.4,1490.35
1.7,1543.9250000000002
1.7,1565.2
1.5,1647.525
0.8,1922.925
2.3,2410.725
2.1,2744.5
1.5,2953.35
1.6,3108.45
1.5,3215.225
1.6,3328.375
1.0,3447.3
2.2,3527.575
2.8,3517.975
3.5,3506.575
4.1,3474.3
3.1,3445.325
2.6,3399.175
3.5,3257.7
3.2,3165.0
3.9,3176.7
4.1,3217.775
3.7,3239.425
3.3,3338.9
2.4,3387.8
2.9,3379.025
3.0,3310.25
2.8,3276.1
3.3,3322.8
4.3,3418.35
3.6,3420.65
2.9,3398.175
3.5,3344.975
2.2,3314.325
1.8,3301.675
1.7,3205.125
0.7,3056.25
0.5,2961.325
0.8,2838.575
1.6,2728.25
1.5,2607.975
1.2,2564.775
0.8,2569.8
1.2,2506.725
0.6,2446.4
0.8,2415.9
1.1,2447.625
1.7,2416.0
2.1,2266.65
1.9,2079.7
1.3,1761.125
2.9,1515.3
2.4,1553.0
1.8,1706.5749999999998
1.5,1735.475
1.5,1754.15
1.4,1785.175
1.8,1815.375
2.2,1809.575
1.9,1756.425
2.6,1581.2
2.6,1453.275
1.8,1369.95
2.8,1267.75
3.7,1191.975
4.2,1181.025
3.8,1187.075
3.0,1195.375
3.6,1137.475
2.4,1128.725
3.2,1079.35
3.9,1022.675
3.6,1000.75
3.5,887.575
3.3,804.45
3.7,744.325
4.4,826.425
3.5,1038.825
2.4,1313.35
2.8,1449.15
3.4,1418.15
2.9,1359.425
3.6,1220.9499999999998
3.1,1072.375
3.1,1068.4
2.9,1029.5
2.7,1081.575
3.0,1054.375
3.0,906.55
3.2,770.725
3.2,645.05
3.0,531.3249999999999
3.0,442.1
2.8,380.2
3.6,376.8
4.4,387.525
3.8,433.8
3.5,422.375
2.8,447.15
3.0,422.8
2.7,438.7
2.9,487.9
3.1,553.1
3.3,592.2
3.6,605.125
3.6,689.675
3.7,791.0
3.4,886.7
2.7,1016.975
1.7,970.775
0.8,833.325
1.7,782.625
2.0,689.85
2.0,644.2750000000001
2.2,617.7
2.3,554.875
2.6,431.9
2.4,374.5
2.6,303.4
3.1,268.225
2.6,218.95
2.8,211.025
2.3,239.725
1.7,285.55
1.8,306.85
2.0,341.875
2.1,427.225
1.8,573.975
1.8,677.075
2.1,768.55
1.8,978.5
1.5,1174.75
1.3,1212.45
1.4,1242.625
0.8,1275.325
0.8,1392.55
0.6,1604.7
0.6,1793.8
0.5,1944.525
0.5,2092.025
0.4,2253.225
0.7,2352.375
0.5,2405.925
0.5,2380.45
0.4,2303.575
0.4,2228.325
0.4,2147.125
0.3,2051.7
0.4,1999.575
0.5,1943.0
0.6,1922.85
0.3,1785.2
0.4,1633.5
0.5,1519.775
0.4,1416.025
0.5,1376.55
0.4,1312.45
0.6,1386.95
0.4,1391.475
0.5,1327.6
1.1,1289.825
1.2,1260.1
0.9,1195.225
1.0,1086.75
1.3,1016.125
1.4,921.8
1.3,862.0
2.7,799.4
3.3,742.05
2.5,709.875
2.4,632.275
4.0,549.2
5.9,556.925
6.9,635.825
8.0,711.1750000000001
6.5,705.175
7.1,702.625
6.1,768.375
5.0,883.825
3.5,1077.0
3.4,1035.525
3.6,964.275
2.9,886.7
2.6,871.925
2.7,876.025
2.6,893.875
2.3,881.15
2.3,904.15
2.4,895.875
2.7,825.15
2.0,763.5999999999999
2.5,742.75
3.1,721.525
3.7,668.275
4.1,651.275
4.6,614.9499999999999
4.2,678.075
3.8,747.55
4.1,757.6
4.8,797.65
4.8,855.525
5.6,969.3
5.9,1068.175
6.3,1088.0
6.2,1087.2
5.9,1078.95
5.3,1003.05
5.1,932.525
5.3,860.5
4.8,770.975
4.2,648.925
3.8,552.95
3.3,460.025
2.5,353.3
1.5,269.025
1.4,227.975
2.2,178.075
1.9,142.775
1.9,129.825
2.0,118.825
1.7,128.55
1.9,161.975
1.9,262.8
1.6,387.125
2.1,452.55
2.7,480.025
2.5,488.475
2.8,470.15
4.2,455.525
5.1,444.4
5.1,450.725
4.1,487.45
4.5,589.85
5.0,719.725
5.4,709.5
4.8,641.7
4.0,584.0
3.5,489.6
5.8,412.325
6.1,358.875
5.5,280.25
4.9,228.75
5.2,174.55
4.5,142.85
5.0,121.875
4.3,98.85
5.5,107.3
4.5,108.95
5.0,104.6
7.3,101.3
5.7,115.7
4.6,144.3
3.9,248.25
3.9,333.15
4.4,382.7
3.9,562.4
3.3,881.7
2.9,1198.225
2.9,1517.25
2.7,1847.725
2.0,2318.125
1.8,2869.2
1.7,3383.475
1.2,3773.125
0.9,4132.775
2.1,4429.45
1.7,4645.3
1.8,4845.025
2.4,5093.625
3.5,5264.275
4.2,5372.825
4.7,5384.349999999999
4.2,5410.9
3.3,5373.45
2.7,5362.525
3.2,5363.15
4.7,5129.85
5.2,4621.725
5.2,3925.475
5.1,3348.65
3.7,2986.8250000000003
4.0,2672.125
3.0,2465.775
3.0,2440.85
2.3,2190.575
1.7,1920.2
1.9,1745.45
0.9,1615.7
0.8,1323.925
0.6,1188.35
0.6,925.2
1.4,619.925
2.9,496.2
3.0,461.35
2.8,429.1
3.7,406.25
3.6,446.8
3.4,556.125
4.2,727.9
5.3,906.6
4.4,943.15
5.2,1004.0
5.0,1107.5
5.1,1220.825
5.1,1433.025
5.0,1602.35
5.0,1790.7
4.7,1868.45
4.4,1959.425
4.0,2171.4
3.7,2245.075
3.9,2298.2
3.4,2233.95
3.5,2208.525
3.2,2319.95
2.8,2476.25
2.8,2743.125
3.1,3000.925
2.9,3135.375
2.2,3310.65
2.0,3487.075
2.1,3449.175
1.8,3381.025
2.5,3312.2
2.0,3276.425
1.9,3176.675
2.0,3045.725
2.0,2870.1
2.0,2744.575
1.6,2612.45
1.6,2589.75
0.9,2597.05
0.6,2778.675
0.8,2859.325
1.1,2733.05
2.9,2957.925
3.4,2836.975
3.4,2405.275
2.9,2068.525
3.0,2029.75
2.9,2105.525
2.8,1999.675
3.0,1833.375
2.6,1687.575
3.2,1375.475
3.3,1031.85
3.1,689.575
3.2,478.9
3.8,450.6
3.5,448.8
3.3,380.625
3.2,329.375
3.3,283.25
3.2,224.675
3.8,231.975
3.7,268.325
3.0,315.075
2.9,345.25
3.2,357.475
3.8,400.65
3.4,510.125
3.6,489.1
3.6,450.95
3.7,456.7
3.9,403.3
3.4,460.15
3.7,634.6
3.4,801.675
3.9,1015.05
2.9,1179.9
2.5,1406.025
2.6,1624.575
2.8,1689.975
2.5,1712.45
2.4,1661.5
3.0,1763.45
2.5,1904.0
1.6,2026.75
1.3,2215.325
1.5,2433.9
1.0,2461.875
0.6,2392.075
0.7,2609.35
0.6,3038.8
0.5,3195.05
0.6,3413.075
0.9,3512.65
1.7,3525.9
1.9,3715.8
2.2,4162.325000000001
2.8,4589.075000000001
2.6,4802.475
2.6,4786.725
2.2,4662.05
2.0,4659.475
1.1,4861.075
1.8,5135.175
3.7,5283.45
3.4,5342.0
4.2,5366.425
3.8,5357.9
3.9,5451.525
4.1,5576.375
4.4,5583.0
4.6,5582.625
5.3,5597.9
6.7,4696.9
6.7,4455.674999999999
5.8,4348.475
5.7,4174.75
6.9,4083.15
7.1,4051.75
7.2,4066.55
6.6,4030.925
5.7,4060.5
5.4,4077.725
5.6,3991.8
5.9,4213.625
5.8,4388.5
5.9,4428.225
5.5,4402.825
5.0,4432.95
4.8,4454.025
4.7,4375.2
3.6,4273.85
2.8,4217.25
3.1,4137.175
2.6,3918.625
1.3,3743.625
1.1,3328.3
0.8,3171.325
0.7,3050.175
1.1,2797.375
3.2,2480.375
4.4,2260.1
5.2,2103.55
5.6,1995.775
5.3,1952.05
4.5,1913.2
5.1,1907.275
5.6,1808.425
5.4,1684.75
4.8,1568.0
4.4,1409.35
3.6,1319.5
3.6,1272.8
3.0,1197.1
3.0,1125.5
2.9,1108.975
3.2,1022.325
3.4,977.475
2.9,1025.775
2.7,1017.575
2.0,949.975
1.5,934.15
0.6,911.575
0.9,876.925
0.7,974.7
1.0,1062.1
0.8,1133.95
1.1,1292.65
1.2,1549.2
1.8,1779.825
1.8,1826.275
2.0,1892.125
2.2,2003.475
2.3,2267.075
1.6,2489.8
2.0,2592.225
3.0,2578.225
3.4,2477.95
2.2,2368.7
1.4,2150.45
2.0,1986.6
2.5,1916.8
2.2,1964.15
3.1,2082.25
2.4,2146.875
2.3,2210.05
1.9,2096.125
2.0,1853.3
3.2,1660.975
3.2,1473.925
3.3,1329.2
2.7,1330.85
3.8,1372.1
3.8,1381.95
3.0,1398.675
4.3,1437.825
4.4,1463.425
4.7,1490.5
4.3,1411.75
4.3,1334.95
4.2,1328.25
4.4,1338.0
4.3,1322.825
5.1,1337.15
4.3,1328.4499999999998
4.7,1352.125
4.9,1407.45
5.7,1350.0
6.1,1299.275
6.4,1295.875
6.1,1252.9
5.7,1154.775
5.8,1060.975
7.2,969.15
6.7,849.725
6.9,741.975
6.2,774.1
5.5,852.575
5.3,922.925
5.2,969.425
6.5,981.85
6.6,984.65
7.0,1015.4
7.5,1063.9
8.2,1129.825
7.8,1194.2
7.7,1245.0
7.4,1327.3
8.0,1259.475
7.7,1158.85
7.4,1035.65
6.9,910.65
6.6,786.65
6.5,694.275
6.4,636.875
7.2,619.575
7.3,592.3
6.8,559.725
7.2,500.125
8.0,448.825
7.7,449.625
6.9,413.5
6.9,432.05
6.5,418.55
6.1,380.075
6.2,356.7
6.2,339.475
5.9,328.6
5.4,277.675
6.0,248.8
5.5,258.8
5.7,250.85
5.6,244.175
4.7,236.0
4.4,222.025
4.0,212.95
3.5,214.775
3.6,211.975
4.5,204.5
4.2,205.025
3.1,217.775
1.9,201.45
1.6,222.55
1.3,218.775
2.0,197.025
2.5,199.275
2.5,211.125
2.8,197.025
2.0,208.05
1.7,218.825
2.2,213.25
2.7,220.0
2.8,241.025
2.9,225.775
3.1,223.9
2.7,243.325
3.3,263.575
3.4,278.675
4.1,303.95
4.2,332.075
3.2,328.05
3.7,317.6
3.3,332.475
3.2,314.4
3.6,301.6
3.4,282.05
3.2,297.975
3.7,315.85
3.7,336.075
3.7,341.9
4.0,373.275
4.4,424.55
3.9,429.825
4.2,424.475
4.1,411.1
4.3,396.75
4.2,391.975
4.4,383.075
4.3,392.25
3.6,393.675
3.2,415.725
3.2,461.25
2.2,507.925
2.1,596.95
2.7,651.925
2.7,660.5
2.0,669.725
1.5,703.725
0.7,721.85
1.4,716.75
1.2,737.325
0.9,824.15
0.9,847.475
0.5,868.15
0.5,908.475
0.5,1005.975
0.5,1054.425
0.6,1091.25
0.7,1103.35
0.4,1200.375
0.5,1261.825
0.5,1217.175
0.7,1228.575
1.1,1290.075
1.7,1342.9
2.0,1417.5
2.4,1610.5500000000002
3.1,1821.4
3.4,1981.4
3.0,2120.025
4.3,2306.75
3.1,2404.65
3.0,2472.1
2.6,2538.9
2.4,2535.225
2.3,2632.65
3.5,2771.8
3.4,2859.175
3.5,2772.15
3.3,2640.025
2.6,2695.85
2.9,2828.425
2.9,3003.125
2.9,3110.25
2.8,2986.55
2.8,2856.1000000000004
2.6,2906.125
3.4,2911.925
3.5,2969.4
3.3,3145.375
3.2,3277.4
2.9,3281.25
4.1,3307.0
4.5,3368.0
4.8,3307.8
4.9,3238.45
4.8,3154.325
5.1,3075.725
5.0,2920.0
4.5,2938.175
4.3,3026.1
4.2,3189.9
4.1,3177.825
4.5,3207.325
3.9,3132.45
3.9,2925.325
3.9,2675.75
4.1,2558.725
4.3,2570.9
4.3,2470.65
4.1,2267.825
5.1,2283.5
4.1,2301.2
4.6,2292.475
5.5,2290.5
5.1,2345.025
6.0,2396.875
7.6,2447.85
7.4,1846.125
7.1,1561.4
7.3,1458.975
7.3,1441.45
7.1,1366.175
7.5,1346.375
8.2,1460.75
8.6,1487.425
8.0,1461.825
6.4,1364.65
5.9,1241.45
5.2,1172.5
4.4,1198.25
4.3,1171.15
4.4,1185.225
3.6,1269.7
3.2,1366.2
2.0,1327.0
1.3,1231.75
1.3,1183.4
1.4,1185.875
1.3,1208.475
0.7,1235.925
1.3,1275.725
1.2,1299.5
1.3,1255.225
0.6,1156.6750000000002
0.9,1049.5
0.5,963.55
0.8,1021.975
0.7,1192.525
0.6,1304.575
0.8,1356.9
1.0,1395.2
0.6,1387.575
1.1,1292.025
2.7,1217.2
3.1,1107.725
2.3,1064.35
1.0,1081.45
2.0,1117.475
3.1,1064.2
3.3,1031.175
3.2,1011.375
2.9,1018.2
3.1,1045.775
3.4,1045.1
3.3,983.7
3.1,867.9749999999999
2.7,753.05
3.2,678.625
2.5,635.2
2.7,616.025
2.7,615.05
3.0,691.025
2.7,737.675
3.3,703.0
3.2,666.575
3.5,636.0
3.9,661.625
4.6,688.175
4.9,671.6500000000001
7.3,640.125
6.7,655.15
6.6,684.175
7.7,678.5749999999999
7.9,669.275
7.6,666.1
7.8,725.5
8.2,764.275
7.8,805.35
7.1,878.425
7.6,966.375
6.9,982.5
6.4,989.7
6.8,939.6
7.1,862.3
7.7,943.75
6.6,1022.0
6.1,1179.475
6.1,1296.9
4.9,1287.6
4.5,1369.95
5.0,1490.325
4.2,1513.4499999999998
4.5,1565.8
4.6,1525.675
5.5,1420.7
4.7,1419.075
4.3,1466.4499999999998
4.4,1521.9499999999998
2.7,1567.0
3.1,1560.925
3.3,1563.75
4.5,1560.2
4.8,1609.825
5.8,1608.7
4.9,1566.25
4.1,1465.975
4.6,1295.675
5.2,1148.3
4.5,1168.625
4.6,1352.0
4.4,1490.7
3.4,1501.375
3.4,1416.0
3.7,1279.4
4.4,1228.425
4.8,1243.675
8.8,1248.6
7.2,1217.375
8.6,1223.15
9.2,1179.4
10.1,1204.575
9.4,1103.5
8.2,1032.975
7.5,1003.325
7.7,911.025
7.0,856.225
6.4,831.825
5.9,835.675
5.8,752.6
5.6,667.25
4.7,602.775
4.4,504.15
4.4,463.475
3.8,449.15
3.8,444.15
3.7,488.2
4.0,526.825
4.1,465.55
1.7,401.5
1.7,349.875
1.3,333.90000000000003
1.2,270.625
1.1,232.7
1.8,227.4
2.4,196.4
2.2,193.325
2.2,217.225
1.5,231.6
2.0,205.5
2.9,181.95
3.0,167.8
3.1,176.45
3.1,152.65
2.8,151.925
2.6,177.025
3.0,167.725
3.4,172.125
3.3,229.35
3.2,355.225
2.7,470.375
2.8,557.875
2.8,716.65
2.3,828.625
1.4,881.25
1.8,890.05
2.3,939.85
2.0,1090.85
2.0,1282.75
2.1,1454.775
2.1,1457.525
2.1,1352.625
1.9,1304.425
1.9,1421.975
1.8,1600.4
1.8,1825.075
1.5,2076.125
0.8,2262.25
0.7,2521.95
0.9,2737.175
1.3,3062.4
1.0,3246.725
0.9,3631.175
2.3,4045.1
2.4,4470.45
1.8,4765.85
1.9,4971.675
1.9,4885.2
2.3,4715.425
2.5,4729.65
2.3,4961.525
2.5,5106.15
2.3,4200.075
2.3,4080.525
1.6,4219.825
2.2,4218.725
3.1,4386.25
3.5,4331.4
2.8,4302.1
2.8,4752.575
2.1,5086.0
1.6,5412.0
1.4,5432.6
0.3,5452.1
0.5,5479.325
0.4,5417.674999999999
0.4,5396.7
0.5,5310.675
0.9,5127.15
0.8,4945.1
0.5,4849.35
0.4,4778.15
0.6,4649.9
0.2,4488.975
0.3,4364.575000000001
0.5,4263.8
0.7,4131.025
1.2,3933.85
1.5,3858.35
1.9,3948.675
1.8,3668.125
1.6,3582.425
2.0,3690.8
1.7,3882.65
2.5,3815.975
1.8,3785.1
1.5,3875.4
0.8,4092.8
1.8,4272.425
1.9,4671.2
1.7,4975.225
1.4,5201.775
2.4,5256.525
1.6,5170.45
1.0,4999.225
0.7,4652.175
0.9,4198.95
1.1,3955.175
0.8,3688.375
0.7,3330.45
0.6,3220.075
0.3,3252.175
0.9,3272.725
1.0,3435.7
1.2,3438.5
1.0,3424.05
1.0,3409.375
0.8,3601.45
0.8,3731.225
0.6,3901.35
0.8,4252.075
0.5,4729.325000000001
0.6,5044.075
0.5,5080.35
0.5,5077.775
0.4,5129.55
0.6,5182.225
0.5,5188.875
0.3,5190.625
1.0,5069.1
1.4,4970.65
1.1,4972.05
1.2,5046.075
0.6,5051.475
0.7,4994.4
1.1,4955.275
1.1,4954.725
1.4,4881.725
1.3,4715.375
1.2,4570.099999999999
1.7,4198.75
1.7,3771.7
1.9,3432.025
1.5,2902.75
